helcom_id,indicator,value
SEA-001,summer_secchi,7.6
SEA-001,summer_chla,1.5
SEA-001,winter_DIN,5
SEA-001,winter_DIP,0.49
SEA-001,oxyg_debt,NA
SEA-002,summer_secchi,8.5
SEA-002,summer_chla,1.7
SEA-002,winter_DIN,5
SEA-002,winter_DIP,0.59
SEA-002,oxyg_debt,NA
SEA-003,summer_secchi,8.2
SEA-003,summer_chla,1.2
SEA-003,winter_DIN,3.3
SEA-003,winter_DIP,0.42
SEA-003,oxyg_debt,NA
SEA-004,summer_secchi,7.4
SEA-004,summer_chla,2
SEA-004,winter_DIN,5.5
SEA-004,winter_DIP,0.57
SEA-004,oxyg_debt,NA
SEA-005,summer_secchi,7.1
SEA-005,summer_chla,1.8
SEA-005,winter_DIN,4.3
SEA-005,winter_DIP,0.49
SEA-005,oxyg_debt,NA
SEA-006,summer_secchi,7.2
SEA-006,summer_chla,1.8
SEA-006,winter_DIN,2.9
SEA-006,winter_DIP,0.36
SEA-006,oxyg_debt,NA
SEA-007,summer_secchi,7.1
SEA-007,summer_chla,1.8
SEA-007,winter_DIN,2.5
SEA-007,winter_DIP,0.3
SEA-007,oxyg_debt,6.37
SEA-008,summer_secchi,6.5
SEA-008,summer_chla,2.2
SEA-008,winter_DIN,4.2
SEA-008,winter_DIP,0.36
SEA-008,oxyg_debt,8.66
SEA-009,summer_secchi,7.6
SEA-009,summer_chla,1.9
SEA-009,winter_DIN,2.6
SEA-009,winter_DIP,0.29
SEA-009,oxyg_debt,8.66
SEA-010,summer_secchi,8.4
SEA-010,summer_chla,1.2
SEA-010,winter_DIN,2
SEA-010,winter_DIP,0.33
SEA-010,oxyg_debt,8.66
SEA-011,summer_secchi,5
SEA-011,summer_chla,2.7
SEA-011,winter_DIN,5.2
SEA-011,winter_DIP,0.41
SEA-011,oxyg_debt,NA
SEA-012,summer_secchi,7.1
SEA-012,summer_chla,1.65
SEA-012,winter_DIN,2.9
SEA-012,winter_DIP,0.25
SEA-012,oxyg_debt,8.66
SEA-013,summer_secchi,5.5
SEA-013,summer_chla,2
SEA-013,winter_DIN,3.8
SEA-013,winter_DIP,0.59
SEA-013,oxyg_debt,8.66
SEA-014,summer_secchi,6.9
SEA-014,summer_chla,1.5
SEA-014,winter_DIN,2.7
SEA-014,winter_DIP,0.21
SEA-014,oxyg_debt,NA
SEA-015,summer_secchi,6.8
SEA-015,summer_chla,1.5
SEA-015,winter_DIN,2.8
SEA-015,winter_DIP,0.19
SEA-015,oxyg_debt,NA
SEA-016,summer_secchi,6
SEA-016,summer_chla,2
SEA-016,winter_DIN,3.7
SEA-016,winter_DIP,0.1
SEA-016,oxyg_debt,NA
SEA-017,summer_secchi,5.8
SEA-017,summer_chla,2
SEA-017,winter_DIN,5.2
SEA-017,winter_DIP,0.07
SEA-017,oxyg_debt,NA
DEN-001,summer_secchi,NA
DEN-001,summer_chla,2.1
DEN-001,winter_DIN,NA
DEN-001,winter_DIP,NA
DEN-001,oxyg_debt,NA
DEN-002,summer_secchi,NA
DEN-002,summer_chla,3.6
DEN-002,winter_DIN,NA
DEN-002,winter_DIP,NA
DEN-002,oxyg_debt,NA
DEN-003,summer_secchi,NA
DEN-003,summer_chla,1.7
DEN-003,winter_DIN,NA
DEN-003,winter_DIP,NA
DEN-003,oxyg_debt,NA
DEN-006,summer_secchi,NA
DEN-006,summer_chla,2.1
DEN-006,winter_DIN,NA
DEN-006,winter_DIP,NA
DEN-006,oxyg_debt,NA
DEN-007,summer_secchi,NA
DEN-007,summer_chla,2.1
DEN-007,winter_DIN,NA
DEN-007,winter_DIP,NA
DEN-007,oxyg_debt,NA
DEN-008,summer_secchi,NA
DEN-008,summer_chla,2.1
DEN-008,winter_DIN,NA
DEN-008,winter_DIP,NA
DEN-008,oxyg_debt,NA
DEN-009,summer_secchi,NA
DEN-009,summer_chla,2.1
DEN-009,winter_DIN,NA
DEN-009,winter_DIP,NA
DEN-009,oxyg_debt,NA
DEN-010,summer_secchi,NA
DEN-010,summer_chla,2.1
DEN-010,winter_DIN,NA
DEN-010,winter_DIP,NA
DEN-010,oxyg_debt,NA
DEN-011,summer_secchi,NA
DEN-011,summer_chla,1.6
DEN-011,winter_DIN,NA
DEN-011,winter_DIP,NA
DEN-011,oxyg_debt,NA
DEN-012,summer_secchi,NA
DEN-012,summer_chla,2.1
DEN-012,winter_DIN,NA
DEN-012,winter_DIP,NA
DEN-012,oxyg_debt,NA
DEN-013,summer_secchi,NA
DEN-013,summer_chla,2.1
DEN-013,winter_DIN,NA
DEN-013,winter_DIP,NA
DEN-013,oxyg_debt,NA
DEN-014,summer_secchi,NA
DEN-014,summer_chla,3.6
DEN-014,winter_DIN,NA
DEN-014,winter_DIP,NA
DEN-014,oxyg_debt,NA
DEN-015,summer_secchi,NA
DEN-015,summer_chla,2.1
DEN-015,winter_DIN,NA
DEN-015,winter_DIP,NA
DEN-015,oxyg_debt,NA
DEN-016,summer_secchi,NA
DEN-016,summer_chla,2.1
DEN-016,winter_DIN,NA
DEN-016,winter_DIP,NA
DEN-016,oxyg_debt,NA
DEN-017,summer_secchi,NA
DEN-017,summer_chla,2.1
DEN-017,winter_DIN,NA
DEN-017,winter_DIP,NA
DEN-017,oxyg_debt,NA
DEN-018,summer_secchi,NA
DEN-018,summer_chla,1.5
DEN-018,winter_DIN,NA
DEN-018,winter_DIP,NA
DEN-018,oxyg_debt,NA
DEN-019,summer_secchi,NA
DEN-019,summer_chla,1.7
DEN-019,winter_DIN,NA
DEN-019,winter_DIP,NA
DEN-019,oxyg_debt,NA
DEN-020,summer_secchi,NA
DEN-020,summer_chla,1.5
DEN-020,winter_DIN,NA
DEN-020,winter_DIP,NA
DEN-020,oxyg_debt,NA
DEN-021,summer_secchi,NA
DEN-021,summer_chla,1.7
DEN-021,winter_DIN,NA
DEN-021,winter_DIP,NA
DEN-021,oxyg_debt,NA
DEN-022,summer_secchi,NA
DEN-022,summer_chla,2.1
DEN-022,winter_DIN,NA
DEN-022,winter_DIP,NA
DEN-022,oxyg_debt,NA
DEN-023,summer_secchi,NA
DEN-023,summer_chla,2.1
DEN-023,winter_DIN,NA
DEN-023,winter_DIP,NA
DEN-023,oxyg_debt,NA
DEN-024,summer_secchi,NA
DEN-024,summer_chla,2.1
DEN-024,winter_DIN,NA
DEN-024,winter_DIP,NA
DEN-024,oxyg_debt,NA
DEN-025,summer_secchi,NA
DEN-025,summer_chla,1.7
DEN-025,winter_DIN,NA
DEN-025,winter_DIP,NA
DEN-025,oxyg_debt,NA
DEN-027,summer_secchi,NA
DEN-027,summer_chla,3.6
DEN-027,winter_DIN,NA
DEN-027,winter_DIP,NA
DEN-027,oxyg_debt,NA
DEN-028,summer_secchi,NA
DEN-028,summer_chla,3.6
DEN-028,winter_DIN,NA
DEN-028,winter_DIP,NA
DEN-028,oxyg_debt,NA
DEN-030,summer_secchi,NA
DEN-030,summer_chla,3.6
DEN-030,winter_DIN,NA
DEN-030,winter_DIP,NA
DEN-030,oxyg_debt,NA
DEN-031,summer_secchi,NA
DEN-031,summer_chla,2.1
DEN-031,winter_DIN,NA
DEN-031,winter_DIP,NA
DEN-031,oxyg_debt,NA
DEN-033,summer_secchi,NA
DEN-033,summer_chla,2.1
DEN-033,winter_DIN,NA
DEN-033,winter_DIP,NA
DEN-033,oxyg_debt,NA
DEN-034,summer_secchi,NA
DEN-034,summer_chla,7
DEN-034,winter_DIN,NA
DEN-034,winter_DIP,NA
DEN-034,oxyg_debt,NA
DEN-035,summer_secchi,NA
DEN-035,summer_chla,7
DEN-035,winter_DIN,NA
DEN-035,winter_DIP,NA
DEN-035,oxyg_debt,NA
DEN-036,summer_secchi,NA
DEN-036,summer_chla,7
DEN-036,winter_DIN,NA
DEN-036,winter_DIP,NA
DEN-036,oxyg_debt,NA
DEN-037,summer_secchi,NA
DEN-037,summer_chla,2.1
DEN-037,winter_DIN,NA
DEN-037,winter_DIP,NA
DEN-037,oxyg_debt,NA
DEN-038,summer_secchi,NA
DEN-038,summer_chla,3.6
DEN-038,winter_DIN,NA
DEN-038,winter_DIP,NA
DEN-038,oxyg_debt,NA
DEN-039,summer_secchi,NA
DEN-039,summer_chla,3.6
DEN-039,winter_DIN,NA
DEN-039,winter_DIP,NA
DEN-039,oxyg_debt,NA
DEN-040,summer_secchi,NA
DEN-040,summer_chla,2.1
DEN-040,winter_DIN,NA
DEN-040,winter_DIP,NA
DEN-040,oxyg_debt,NA
DEN-041,summer_secchi,NA
DEN-041,summer_chla,7
DEN-041,winter_DIN,NA
DEN-041,winter_DIP,NA
DEN-041,oxyg_debt,NA
DEN-042,summer_secchi,NA
DEN-042,summer_chla,2.1
DEN-042,winter_DIN,NA
DEN-042,winter_DIP,NA
DEN-042,oxyg_debt,NA
DEN-043,summer_secchi,NA
DEN-043,summer_chla,2.1
DEN-043,winter_DIN,NA
DEN-043,winter_DIP,NA
DEN-043,oxyg_debt,NA
DEN-044,summer_secchi,NA
DEN-044,summer_chla,3.6
DEN-044,winter_DIN,NA
DEN-044,winter_DIP,NA
DEN-044,oxyg_debt,NA
DEN-045,summer_secchi,NA
DEN-045,summer_chla,3.6
DEN-045,winter_DIN,NA
DEN-045,winter_DIP,NA
DEN-045,oxyg_debt,NA
DEN-046,summer_secchi,NA
DEN-046,summer_chla,3.6
DEN-046,winter_DIN,NA
DEN-046,winter_DIP,NA
DEN-046,oxyg_debt,NA
DEN-047,summer_secchi,NA
DEN-047,summer_chla,2.1
DEN-047,winter_DIN,NA
DEN-047,winter_DIP,NA
DEN-047,oxyg_debt,NA
DEN-048,summer_secchi,NA
DEN-048,summer_chla,3.6
DEN-048,winter_DIN,NA
DEN-048,winter_DIP,NA
DEN-048,oxyg_debt,NA
DEN-049,summer_secchi,NA
DEN-049,summer_chla,2.1
DEN-049,winter_DIN,NA
DEN-049,winter_DIP,NA
DEN-049,oxyg_debt,NA
DEN-050,summer_secchi,NA
DEN-050,summer_chla,2.1
DEN-050,winter_DIN,NA
DEN-050,winter_DIP,NA
DEN-050,oxyg_debt,NA
DEN-051,summer_secchi,NA
DEN-051,summer_chla,1.5
DEN-051,winter_DIN,NA
DEN-051,winter_DIP,NA
DEN-051,oxyg_debt,NA
DEN-052,summer_secchi,NA
DEN-052,summer_chla,3.6
DEN-052,winter_DIN,NA
DEN-052,winter_DIP,NA
DEN-052,oxyg_debt,NA
DEN-053,summer_secchi,NA
DEN-053,summer_chla,3.6
DEN-053,winter_DIN,NA
DEN-053,winter_DIP,NA
DEN-053,oxyg_debt,NA
DEN-054,summer_secchi,NA
DEN-054,summer_chla,1.7
DEN-054,winter_DIN,NA
DEN-054,winter_DIP,NA
DEN-054,oxyg_debt,NA
DEN-055,summer_secchi,NA
DEN-055,summer_chla,1.9
DEN-055,winter_DIN,NA
DEN-055,winter_DIP,NA
DEN-055,oxyg_debt,NA
DEN-057,summer_secchi,NA
DEN-057,summer_chla,2.1
DEN-057,winter_DIN,NA
DEN-057,winter_DIP,NA
DEN-057,oxyg_debt,NA
DEN-060,summer_secchi,NA
DEN-060,summer_chla,2.1
DEN-060,winter_DIN,NA
DEN-060,winter_DIP,NA
DEN-060,oxyg_debt,NA
DEN-061,summer_secchi,NA
DEN-061,summer_chla,2.1
DEN-061,winter_DIN,NA
DEN-061,winter_DIP,NA
DEN-061,oxyg_debt,NA
DEN-062,summer_secchi,NA
DEN-062,summer_chla,2.1
DEN-062,winter_DIN,NA
DEN-062,winter_DIP,NA
DEN-062,oxyg_debt,NA
DEN-063,summer_secchi,NA
DEN-063,summer_chla,2.1
DEN-063,winter_DIN,NA
DEN-063,winter_DIP,NA
DEN-063,oxyg_debt,NA
DEN-064,summer_secchi,NA
DEN-064,summer_chla,2.1
DEN-064,winter_DIN,NA
DEN-064,winter_DIP,NA
DEN-064,oxyg_debt,NA
DEN-065,summer_secchi,NA
DEN-065,summer_chla,2.1
DEN-065,winter_DIN,NA
DEN-065,winter_DIP,NA
DEN-065,oxyg_debt,NA
DEN-066,summer_secchi,NA
DEN-066,summer_chla,2.1
DEN-066,winter_DIN,NA
DEN-066,winter_DIP,NA
DEN-066,oxyg_debt,NA
DEN-067,summer_secchi,NA
DEN-067,summer_chla,3.6
DEN-067,winter_DIN,NA
DEN-067,winter_DIP,NA
DEN-067,oxyg_debt,NA
DEN-068,summer_secchi,NA
DEN-068,summer_chla,3.6
DEN-068,winter_DIN,NA
DEN-068,winter_DIP,NA
DEN-068,oxyg_debt,NA
DEN-069,summer_secchi,NA
DEN-069,summer_chla,3.6
DEN-069,winter_DIN,NA
DEN-069,winter_DIP,NA
DEN-069,oxyg_debt,NA
DEN-070,summer_secchi,NA
DEN-070,summer_chla,3.6
DEN-070,winter_DIN,NA
DEN-070,winter_DIP,NA
DEN-070,oxyg_debt,NA
DEN-071,summer_secchi,NA
DEN-071,summer_chla,3.6
DEN-071,winter_DIN,NA
DEN-071,winter_DIP,NA
DEN-071,oxyg_debt,NA
DEN-073,summer_secchi,NA
DEN-073,summer_chla,3.6
DEN-073,winter_DIN,NA
DEN-073,winter_DIP,NA
DEN-073,oxyg_debt,NA
DEN-074,summer_secchi,NA
DEN-074,summer_chla,7
DEN-074,winter_DIN,NA
DEN-074,winter_DIP,NA
DEN-074,oxyg_debt,NA
DEN-075,summer_secchi,NA
DEN-075,summer_chla,3.6
DEN-075,winter_DIN,NA
DEN-075,winter_DIP,NA
DEN-075,oxyg_debt,NA
DEN-076,summer_secchi,NA
DEN-076,summer_chla,1.6
DEN-076,winter_DIN,NA
DEN-076,winter_DIP,NA
DEN-076,oxyg_debt,NA
DEN-077,summer_secchi,NA
DEN-077,summer_chla,1.6
DEN-077,winter_DIN,NA
DEN-077,winter_DIP,NA
DEN-077,oxyg_debt,NA
DEN-078,summer_secchi,NA
DEN-078,summer_chla,1.9
DEN-078,winter_DIN,NA
DEN-078,winter_DIP,NA
DEN-078,oxyg_debt,NA
DEN-079,summer_secchi,NA
DEN-079,summer_chla,2.1
DEN-079,winter_DIN,NA
DEN-079,winter_DIP,NA
DEN-079,oxyg_debt,NA
DEN-080,summer_secchi,NA
DEN-080,summer_chla,2.1
DEN-080,winter_DIN,NA
DEN-080,winter_DIP,NA
DEN-080,oxyg_debt,NA
DEN-082,summer_secchi,NA
DEN-082,summer_chla,2.1
DEN-082,winter_DIN,NA
DEN-082,winter_DIP,NA
DEN-082,oxyg_debt,NA
DEN-083,summer_secchi,NA
DEN-083,summer_chla,3.6
DEN-083,winter_DIN,NA
DEN-083,winter_DIP,NA
DEN-083,oxyg_debt,NA
DEN-084,summer_secchi,NA
DEN-084,summer_chla,2.1
DEN-084,winter_DIN,NA
DEN-084,winter_DIP,NA
DEN-084,oxyg_debt,NA
DEN-085,summer_secchi,NA
DEN-085,summer_chla,1.6
DEN-085,winter_DIN,NA
DEN-085,winter_DIP,NA
DEN-085,oxyg_debt,NA
DEN-086,summer_secchi,NA
DEN-086,summer_chla,3.6
DEN-086,winter_DIN,NA
DEN-086,winter_DIP,NA
DEN-086,oxyg_debt,NA
DEN-087,summer_secchi,NA
DEN-087,summer_chla,6
DEN-087,winter_DIN,NA
DEN-087,winter_DIP,NA
DEN-087,oxyg_debt,NA
DEN-088,summer_secchi,NA
DEN-088,summer_chla,9
DEN-088,winter_DIN,NA
DEN-088,winter_DIP,NA
DEN-088,oxyg_debt,NA
DEN-089,summer_secchi,NA
DEN-089,summer_chla,6
DEN-089,winter_DIN,NA
DEN-089,winter_DIP,NA
DEN-089,oxyg_debt,NA
DEN-091,summer_secchi,NA
DEN-091,summer_chla,2.1
DEN-091,winter_DIN,NA
DEN-091,winter_DIP,NA
DEN-091,oxyg_debt,NA
DEN-092,summer_secchi,NA
DEN-092,summer_chla,1.6
DEN-092,winter_DIN,NA
DEN-092,winter_DIP,NA
DEN-092,oxyg_debt,NA
DEN-093,summer_secchi,NA
DEN-093,summer_chla,1.7
DEN-093,winter_DIN,NA
DEN-093,winter_DIP,NA
DEN-093,oxyg_debt,NA
DEN-095,summer_secchi,NA
DEN-095,summer_chla,1.6
DEN-095,winter_DIN,NA
DEN-095,winter_DIP,NA
DEN-095,oxyg_debt,NA
DEN-096,summer_secchi,NA
DEN-096,summer_chla,1.5
DEN-096,winter_DIN,NA
DEN-096,winter_DIP,NA
DEN-096,oxyg_debt,NA
DEN-097,summer_secchi,NA
DEN-097,summer_chla,2.1
DEN-097,winter_DIN,NA
DEN-097,winter_DIP,NA
DEN-097,oxyg_debt,NA
DEN-098,summer_secchi,NA
DEN-098,summer_chla,1.5
DEN-098,winter_DIN,NA
DEN-098,winter_DIP,NA
DEN-098,oxyg_debt,NA
DEN-099,summer_secchi,NA
DEN-099,summer_chla,2.1
DEN-099,winter_DIN,NA
DEN-099,winter_DIP,NA
DEN-099,oxyg_debt,NA
DEN-100,summer_secchi,NA
DEN-100,summer_chla,2.1
DEN-100,winter_DIN,NA
DEN-100,winter_DIP,NA
DEN-100,oxyg_debt,NA
DEN-101,summer_secchi,NA
DEN-101,summer_chla,2.1
DEN-101,winter_DIN,NA
DEN-101,winter_DIP,NA
DEN-101,oxyg_debt,NA
DEN-102,summer_secchi,NA
DEN-102,summer_chla,1.5
DEN-102,winter_DIN,NA
DEN-102,winter_DIP,NA
DEN-102,oxyg_debt,NA
DEN-103,summer_secchi,NA
DEN-103,summer_chla,1.5
DEN-103,winter_DIN,NA
DEN-103,winter_DIP,NA
DEN-103,oxyg_debt,NA
DEN-104,summer_secchi,NA
DEN-104,summer_chla,1.5
DEN-104,winter_DIN,NA
DEN-104,winter_DIP,NA
DEN-104,oxyg_debt,NA
DEN-105,summer_secchi,NA
DEN-105,summer_chla,1.6
DEN-105,winter_DIN,NA
DEN-105,winter_DIP,NA
DEN-105,oxyg_debt,NA
DEN-106,summer_secchi,NA
DEN-106,summer_chla,1.6
DEN-106,winter_DIN,NA
DEN-106,winter_DIP,NA
DEN-106,oxyg_debt,NA
DEN-107,summer_secchi,NA
DEN-107,summer_chla,1.6
DEN-107,winter_DIN,NA
DEN-107,winter_DIP,NA
DEN-107,oxyg_debt,NA
DEN-108,summer_secchi,NA
DEN-108,summer_chla,1.9
DEN-108,winter_DIN,NA
DEN-108,winter_DIP,NA
DEN-108,oxyg_debt,NA
EST-001,summer_secchi,NA
EST-001,summer_chla,3.7
EST-001,winter_DIN,NA
EST-001,winter_DIP,NA
EST-001,oxyg_debt,NA
EST-002,summer_secchi,NA
EST-002,summer_chla,3.7
EST-002,winter_DIN,NA
EST-002,winter_DIP,NA
EST-002,oxyg_debt,NA
EST-003,summer_secchi,NA
EST-003,summer_chla,2.7
EST-003,winter_DIN,NA
EST-003,winter_DIP,NA
EST-003,oxyg_debt,NA
EST-004,summer_secchi,NA
EST-004,summer_chla,2.7
EST-004,winter_DIN,NA
EST-004,winter_DIP,NA
EST-004,oxyg_debt,NA
EST-005,summer_secchi,NA
EST-005,summer_chla,2.7
EST-005,winter_DIN,NA
EST-005,winter_DIP,NA
EST-005,oxyg_debt,NA
EST-006,summer_secchi,NA
EST-006,summer_chla,2.7
EST-006,winter_DIN,NA
EST-006,winter_DIP,NA
EST-006,oxyg_debt,NA
EST-007,summer_secchi,NA
EST-007,summer_chla,1.6
EST-007,winter_DIN,NA
EST-007,winter_DIP,NA
EST-007,oxyg_debt,NA
EST-008,summer_secchi,NA
EST-008,summer_chla,2.4
EST-008,winter_DIN,NA
EST-008,winter_DIP,NA
EST-008,oxyg_debt,NA
EST-009,summer_secchi,NA
EST-009,summer_chla,2.4
EST-009,winter_DIN,NA
EST-009,winter_DIP,NA
EST-009,oxyg_debt,NA
EST-010,summer_secchi,NA
EST-010,summer_chla,1.6
EST-010,winter_DIN,NA
EST-010,winter_DIP,NA
EST-010,oxyg_debt,NA
EST-011,summer_secchi,NA
EST-011,summer_chla,1.6
EST-011,winter_DIN,NA
EST-011,winter_DIP,NA
EST-011,oxyg_debt,NA
EST-012,summer_secchi,NA
EST-012,summer_chla,3
EST-012,winter_DIN,NA
EST-012,winter_DIP,NA
EST-012,oxyg_debt,NA
EST-013,summer_secchi,NA
EST-013,summer_chla,4.5
EST-013,winter_DIN,NA
EST-013,winter_DIP,NA
EST-013,oxyg_debt,NA
EST-014,summer_secchi,NA
EST-014,summer_chla,2.4
EST-014,winter_DIN,NA
EST-014,winter_DIP,NA
EST-014,oxyg_debt,NA
EST-015,summer_secchi,NA
EST-015,summer_chla,2.4
EST-015,winter_DIN,NA
EST-015,winter_DIP,NA
EST-015,oxyg_debt,NA
EST-016,summer_secchi,NA
EST-016,summer_chla,2.4
EST-016,winter_DIN,NA
EST-016,winter_DIP,NA
EST-016,oxyg_debt,NA
FIN-001,summer_secchi,NA
FIN-001,summer_chla,3
FIN-001,winter_DIN,NA
FIN-001,winter_DIP,NA
FIN-001,oxyg_debt,NA
FIN-002,summer_secchi,NA
FIN-002,summer_chla,2.3
FIN-002,winter_DIN,NA
FIN-002,winter_DIP,NA
FIN-002,oxyg_debt,NA
FIN-003,summer_secchi,NA
FIN-003,summer_chla,3.5
FIN-003,winter_DIN,NA
FIN-003,winter_DIP,NA
FIN-003,oxyg_debt,NA
FIN-004,summer_secchi,NA
FIN-004,summer_chla,2.5
FIN-004,winter_DIN,NA
FIN-004,winter_DIP,NA
FIN-004,oxyg_debt,NA
FIN-005,summer_secchi,NA
FIN-005,summer_chla,2.5
FIN-005,winter_DIN,NA
FIN-005,winter_DIP,NA
FIN-005,oxyg_debt,NA
FIN-006,summer_secchi,NA
FIN-006,summer_chla,3.3
FIN-006,winter_DIN,NA
FIN-006,winter_DIP,NA
FIN-006,oxyg_debt,NA
FIN-007,summer_secchi,NA
FIN-007,summer_chla,2.2
FIN-007,winter_DIN,NA
FIN-007,winter_DIP,NA
FIN-007,oxyg_debt,NA
FIN-008,summer_secchi,NA
FIN-008,summer_chla,2.7
FIN-008,winter_DIN,NA
FIN-008,winter_DIP,NA
FIN-008,oxyg_debt,NA
FIN-009,summer_secchi,NA
FIN-009,summer_chla,2.1
FIN-009,winter_DIN,NA
FIN-009,winter_DIP,NA
FIN-009,oxyg_debt,NA
FIN-010,summer_secchi,NA
FIN-010,summer_chla,3.3
FIN-010,winter_DIN,NA
FIN-010,winter_DIP,NA
FIN-010,oxyg_debt,NA
FIN-011,summer_secchi,NA
FIN-011,summer_chla,2.2
FIN-011,winter_DIN,NA
FIN-011,winter_DIP,NA
FIN-011,oxyg_debt,NA
FIN-012,summer_secchi,NA
FIN-012,summer_chla,3
FIN-012,winter_DIN,NA
FIN-012,winter_DIP,NA
FIN-012,oxyg_debt,NA
FIN-013,summer_secchi,NA
FIN-013,summer_chla,2.4
FIN-013,winter_DIN,NA
FIN-013,winter_DIP,NA
FIN-013,oxyg_debt,NA
GER-001,summer_secchi,NA
GER-001,summer_chla,1.95
GER-001,winter_DIN,NA
GER-001,winter_DIP,NA
GER-001,oxyg_debt,NA
GER-002,summer_secchi,NA
GER-002,summer_chla,1.95
GER-002,winter_DIN,NA
GER-002,winter_DIP,NA
GER-002,oxyg_debt,NA
GER-003,summer_secchi,NA
GER-003,summer_chla,1.95
GER-003,winter_DIN,NA
GER-003,winter_DIP,NA
GER-003,oxyg_debt,NA
GER-004,summer_secchi,NA
GER-004,summer_chla,1.9
GER-004,winter_DIN,NA
GER-004,winter_DIP,NA
GER-004,oxyg_debt,NA
GER-005,summer_secchi,NA
GER-005,summer_chla,2.4
GER-005,winter_DIN,NA
GER-005,winter_DIP,NA
GER-005,oxyg_debt,NA
GER-006,summer_secchi,NA
GER-006,summer_chla,1.9
GER-006,winter_DIN,NA
GER-006,winter_DIP,NA
GER-006,oxyg_debt,NA
GER-007,summer_secchi,NA
GER-007,summer_chla,12.7
GER-007,winter_DIN,NA
GER-007,winter_DIP,NA
GER-007,oxyg_debt,NA
GER-008,summer_secchi,NA
GER-008,summer_chla,12.7
GER-008,winter_DIN,NA
GER-008,winter_DIP,NA
GER-008,oxyg_debt,NA
GER-009,summer_secchi,NA
GER-009,summer_chla,2.4
GER-009,winter_DIN,NA
GER-009,winter_DIP,NA
GER-009,oxyg_debt,NA
GER-010,summer_secchi,NA
GER-010,summer_chla,2.3
GER-010,winter_DIN,NA
GER-010,winter_DIP,NA
GER-010,oxyg_debt,NA
GER-011,summer_secchi,NA
GER-011,summer_chla,2.4
GER-011,winter_DIN,NA
GER-011,winter_DIP,NA
GER-011,oxyg_debt,NA
GER-012,summer_secchi,NA
GER-012,summer_chla,2.4
GER-012,winter_DIN,NA
GER-012,winter_DIP,NA
GER-012,oxyg_debt,NA
GER-013,summer_secchi,NA
GER-013,summer_chla,2.4
GER-013,winter_DIN,NA
GER-013,winter_DIP,NA
GER-013,oxyg_debt,NA
GER-014,summer_secchi,NA
GER-014,summer_chla,2.4
GER-014,winter_DIN,NA
GER-014,winter_DIP,NA
GER-014,oxyg_debt,NA
GER-015,summer_secchi,NA
GER-015,summer_chla,2.3
GER-015,winter_DIN,NA
GER-015,winter_DIP,NA
GER-015,oxyg_debt,NA
GER-016,summer_secchi,NA
GER-016,summer_chla,12.7
GER-016,winter_DIN,NA
GER-016,winter_DIP,NA
GER-016,oxyg_debt,NA
GER-017,summer_secchi,NA
GER-017,summer_chla,12.7
GER-017,winter_DIN,NA
GER-017,winter_DIP,NA
GER-017,oxyg_debt,NA
GER-018,summer_secchi,NA
GER-018,summer_chla,2.3
GER-018,winter_DIN,NA
GER-018,winter_DIP,NA
GER-018,oxyg_debt,NA
GER-019,summer_secchi,NA
GER-019,summer_chla,2.3
GER-019,winter_DIN,NA
GER-019,winter_DIP,NA
GER-019,oxyg_debt,NA
GER-020,summer_secchi,NA
GER-020,summer_chla,12.7
GER-020,winter_DIN,NA
GER-020,winter_DIP,NA
GER-020,oxyg_debt,NA
GER-021,summer_secchi,NA
GER-021,summer_chla,1.95
GER-021,winter_DIN,NA
GER-021,winter_DIP,NA
GER-021,oxyg_debt,NA
GER-022,summer_secchi,NA
GER-022,summer_chla,1.9
GER-022,winter_DIN,NA
GER-022,winter_DIP,NA
GER-022,oxyg_debt,NA
GER-023,summer_secchi,NA
GER-023,summer_chla,1.9
GER-023,winter_DIN,NA
GER-023,winter_DIP,NA
GER-023,oxyg_debt,NA
GER-024,summer_secchi,NA
GER-024,summer_chla,1.9
GER-024,winter_DIN,NA
GER-024,winter_DIP,NA
GER-024,oxyg_debt,NA
GER-025,summer_secchi,NA
GER-025,summer_chla,1.95
GER-025,winter_DIN,NA
GER-025,winter_DIP,NA
GER-025,oxyg_debt,NA
GER-026,summer_secchi,NA
GER-026,summer_chla,2.4
GER-026,winter_DIN,NA
GER-026,winter_DIP,NA
GER-026,oxyg_debt,NA
GER-027,summer_secchi,NA
GER-027,summer_chla,2.4
GER-027,winter_DIN,NA
GER-027,winter_DIP,NA
GER-027,oxyg_debt,NA
GER-028,summer_secchi,NA
GER-028,summer_chla,1.9
GER-028,winter_DIN,NA
GER-028,winter_DIP,NA
GER-028,oxyg_debt,NA
GER-029,summer_secchi,NA
GER-029,summer_chla,1.9
GER-029,winter_DIN,NA
GER-029,winter_DIP,NA
GER-029,oxyg_debt,NA
GER-030,summer_secchi,NA
GER-030,summer_chla,1.9
GER-030,winter_DIN,NA
GER-030,winter_DIP,NA
GER-030,oxyg_debt,NA
GER-031,summer_secchi,NA
GER-031,summer_chla,1.9
GER-031,winter_DIN,NA
GER-031,winter_DIP,NA
GER-031,oxyg_debt,NA
GER-032,summer_secchi,NA
GER-032,summer_chla,1.95
GER-032,winter_DIN,NA
GER-032,winter_DIP,NA
GER-032,oxyg_debt,NA
GER-033,summer_secchi,NA
GER-033,summer_chla,1.9
GER-033,winter_DIN,NA
GER-033,winter_DIP,NA
GER-033,oxyg_debt,NA
GER-034,summer_secchi,NA
GER-034,summer_chla,1.9
GER-034,winter_DIN,NA
GER-034,winter_DIP,NA
GER-034,oxyg_debt,NA
GER-035,summer_secchi,NA
GER-035,summer_chla,1.9
GER-035,winter_DIN,NA
GER-035,winter_DIP,NA
GER-035,oxyg_debt,NA
GER-036,summer_secchi,NA
GER-036,summer_chla,1.9
GER-036,winter_DIN,NA
GER-036,winter_DIP,NA
GER-036,oxyg_debt,NA
GER-037,summer_secchi,NA
GER-037,summer_chla,1.95
GER-037,winter_DIN,NA
GER-037,winter_DIP,NA
GER-037,oxyg_debt,NA
GER-038,summer_secchi,NA
GER-038,summer_chla,1.9
GER-038,winter_DIN,NA
GER-038,winter_DIP,NA
GER-038,oxyg_debt,NA
GER-039,summer_secchi,NA
GER-039,summer_chla,1.9
GER-039,winter_DIN,NA
GER-039,winter_DIP,NA
GER-039,oxyg_debt,NA
GER-040,summer_secchi,NA
GER-040,summer_chla,1.9
GER-040,winter_DIN,NA
GER-040,winter_DIP,NA
GER-040,oxyg_debt,NA
GER-041,summer_secchi,NA
GER-041,summer_chla,1.9
GER-041,winter_DIN,NA
GER-041,winter_DIP,NA
GER-041,oxyg_debt,NA
GER-042,summer_secchi,NA
GER-042,summer_chla,1.95
GER-042,winter_DIN,NA
GER-042,winter_DIP,NA
GER-042,oxyg_debt,NA
GER-043,summer_secchi,NA
GER-043,summer_chla,2.4
GER-043,winter_DIN,NA
GER-043,winter_DIP,NA
GER-043,oxyg_debt,NA
GER-044,summer_secchi,NA
GER-044,summer_chla,2.4
GER-044,winter_DIN,NA
GER-044,winter_DIP,NA
GER-044,oxyg_debt,NA
GER-111,summer_secchi,NA
GER-111,summer_chla,2.4
GER-111,winter_DIN,NA
GER-111,winter_DIP,NA
GER-111,oxyg_debt,NA
LAT-001,summer_secchi,NA
LAT-001,summer_chla,1.8
LAT-001,winter_DIN,8
LAT-001,winter_DIP,0.6
LAT-001,oxyg_debt,NA
LAT-002,summer_secchi,NA
LAT-002,summer_chla,1.8
LAT-002,winter_DIN,8
LAT-002,winter_DIP,0.6
LAT-002,oxyg_debt,NA
LAT-003,summer_secchi,NA
LAT-003,summer_chla,2.7
LAT-003,winter_DIN,11
LAT-003,winter_DIP,0.75
LAT-003,oxyg_debt,NA
LAT-004,summer_secchi,NA
LAT-004,summer_chla,2.7
LAT-004,winter_DIN,11
LAT-004,winter_DIP,0.75
LAT-004,oxyg_debt,NA
LAT-005,summer_secchi,NA
LAT-005,summer_chla,3
LAT-005,winter_DIN,14
LAT-005,winter_DIP,0.9
LAT-005,oxyg_debt,NA
LIT-001,summer_secchi,NA
LIT-001,summer_chla,0.55
LIT-001,winter_DIN,NA
LIT-001,winter_DIP,NA
LIT-001,oxyg_debt,NA
LIT-002,summer_secchi,NA
LIT-002,summer_chla,0.61
LIT-002,winter_DIN,NA
LIT-002,winter_DIP,NA
LIT-002,oxyg_debt,NA
LIT-003,summer_secchi,NA
LIT-003,summer_chla,0.61
LIT-003,winter_DIN,NA
LIT-003,winter_DIP,NA
LIT-003,oxyg_debt,NA
LIT-004,summer_secchi,NA
LIT-004,summer_chla,0.68
LIT-004,winter_DIN,NA
LIT-004,winter_DIP,NA
LIT-004,oxyg_debt,NA
LIT-005,summer_secchi,NA
LIT-005,summer_chla,0.57
LIT-005,winter_DIN,NA
LIT-005,winter_DIP,NA
LIT-005,oxyg_debt,NA
LIT-006,summer_secchi,NA
LIT-006,summer_chla,0.42
LIT-006,winter_DIN,NA
LIT-006,winter_DIP,NA
LIT-006,oxyg_debt,NA
POL-001,summer_secchi,NA
POL-001,summer_chla,20
POL-001,winter_DIN,1050
POL-001,winter_DIP,50
POL-001,oxyg_debt,NA
POL-002,summer_secchi,NA
POL-002,summer_chla,20
POL-002,winter_DIN,1050
POL-002,winter_DIP,50
POL-002,oxyg_debt,NA
POL-003,summer_secchi,NA
POL-003,summer_chla,23.2
POL-003,winter_DIN,380
POL-003,winter_DIP,50
POL-003,oxyg_debt,NA
POL-004,summer_secchi,NA
POL-004,summer_chla,2
POL-004,winter_DIN,30
POL-004,winter_DIP,90
POL-004,oxyg_debt,NA
POL-005,summer_secchi,NA
POL-005,summer_chla,3.76
POL-005,winter_DIN,150
POL-005,winter_DIP,20
POL-005,oxyg_debt,NA
POL-006,summer_secchi,NA
POL-006,summer_chla,3.76
POL-006,winter_DIN,150
POL-006,winter_DIP,20
POL-006,oxyg_debt,NA
POL-007,summer_secchi,NA
POL-007,summer_chla,3.8
POL-007,winter_DIN,180
POL-007,winter_DIP,40
POL-007,oxyg_debt,NA
POL-008,summer_secchi,NA
POL-008,summer_chla,5.5
POL-008,winter_DIN,230
POL-008,winter_DIP,40
POL-008,oxyg_debt,NA
POL-009,summer_secchi,NA
POL-009,summer_chla,7.5
POL-009,winter_DIN,320
POL-009,winter_DIP,40
POL-009,oxyg_debt,NA
POL-010,summer_secchi,NA
POL-010,summer_chla,1.9
POL-010,winter_DIN,100
POL-010,winter_DIP,20
POL-010,oxyg_debt,NA
POL-011,summer_secchi,NA
POL-011,summer_chla,3.15
POL-011,winter_DIN,150
POL-011,winter_DIP,20
POL-011,oxyg_debt,NA
POL-012,summer_secchi,NA
POL-012,summer_chla,1.9
POL-012,winter_DIN,100
POL-012,winter_DIP,20
POL-012,oxyg_debt,NA
POL-013,summer_secchi,NA
POL-013,summer_chla,1.9
POL-013,winter_DIN,100
POL-013,winter_DIP,20
POL-013,oxyg_debt,NA
POL-014,summer_secchi,NA
POL-014,summer_chla,1.9
POL-014,winter_DIN,100
POL-014,winter_DIP,20
POL-014,oxyg_debt,NA
POL-015,summer_secchi,NA
POL-015,summer_chla,1.9
POL-015,winter_DIN,100
POL-015,winter_DIP,20
POL-015,oxyg_debt,NA
POL-016,summer_secchi,NA
POL-016,summer_chla,1.9
POL-016,winter_DIN,100
POL-016,winter_DIP,20
POL-016,oxyg_debt,NA
POL-017,summer_secchi,NA
POL-017,summer_chla,1.9
POL-017,winter_DIN,100
POL-017,winter_DIP,20
POL-017,oxyg_debt,NA
POL-018,summer_secchi,NA
POL-018,summer_chla,3.15
POL-018,winter_DIN,230
POL-018,winter_DIP,20
POL-018,oxyg_debt,NA
POL-019,summer_secchi,NA
POL-019,summer_chla,1.9
POL-019,winter_DIN,100
POL-019,winter_DIP,20
POL-019,oxyg_debt,NA
SWE-001,summer_secchi,NA
SWE-001,summer_chla,0.57
SWE-001,winter_DIN,NA
SWE-001,winter_DIP,NA
SWE-001,oxyg_debt,NA
SWE-003,summer_secchi,NA
SWE-003,summer_chla,0.67
SWE-003,winter_DIN,NA
SWE-003,winter_DIP,NA
SWE-003,oxyg_debt,NA
SWE-004,summer_secchi,NA
SWE-004,summer_chla,0.67
SWE-004,winter_DIN,NA
SWE-004,winter_DIP,NA
SWE-004,oxyg_debt,NA
SWE-005,summer_secchi,NA
SWE-005,summer_chla,0.59
SWE-005,winter_DIN,NA
SWE-005,winter_DIP,NA
SWE-005,oxyg_debt,NA
SWE-006,summer_secchi,NA
SWE-006,summer_chla,0.67
SWE-006,winter_DIN,NA
SWE-006,winter_DIP,NA
SWE-006,oxyg_debt,NA
SWE-007,summer_secchi,NA
SWE-007,summer_chla,0.67
SWE-007,winter_DIN,NA
SWE-007,winter_DIP,NA
SWE-007,oxyg_debt,NA
SWE-008,summer_secchi,NA
SWE-008,summer_chla,0.67
SWE-008,winter_DIN,NA
SWE-008,winter_DIP,NA
SWE-008,oxyg_debt,NA
SWE-009,summer_secchi,NA
SWE-009,summer_chla,0.67
SWE-009,winter_DIN,NA
SWE-009,winter_DIP,NA
SWE-009,oxyg_debt,NA
SWE-010,summer_secchi,NA
SWE-010,summer_chla,0.67
SWE-010,winter_DIN,NA
SWE-010,winter_DIP,NA
SWE-010,oxyg_debt,NA
SWE-011,summer_secchi,NA
SWE-011,summer_chla,0.67
SWE-011,winter_DIN,NA
SWE-011,winter_DIP,NA
SWE-011,oxyg_debt,NA
SWE-012,summer_secchi,NA
SWE-012,summer_chla,0.67
SWE-012,winter_DIN,NA
SWE-012,winter_DIP,NA
SWE-012,oxyg_debt,NA
SWE-013,summer_secchi,NA
SWE-013,summer_chla,0.67
SWE-013,winter_DIN,NA
SWE-013,winter_DIP,NA
SWE-013,oxyg_debt,NA
SWE-014,summer_secchi,NA
SWE-014,summer_chla,0.67
SWE-014,winter_DIN,NA
SWE-014,winter_DIP,NA
SWE-014,oxyg_debt,NA
SWE-015,summer_secchi,NA
SWE-015,summer_chla,0.67
SWE-015,winter_DIN,NA
SWE-015,winter_DIP,NA
SWE-015,oxyg_debt,NA
SWE-016,summer_secchi,NA
SWE-016,summer_chla,0.61
SWE-016,winter_DIN,NA
SWE-016,winter_DIP,NA
SWE-016,oxyg_debt,NA
SWE-017,summer_secchi,NA
SWE-017,summer_chla,0.6
SWE-017,winter_DIN,NA
SWE-017,winter_DIP,NA
SWE-017,oxyg_debt,NA
SWE-018,summer_secchi,NA
SWE-018,summer_chla,0.61
SWE-018,winter_DIN,NA
SWE-018,winter_DIP,NA
SWE-018,oxyg_debt,NA
SWE-019,summer_secchi,NA
SWE-019,summer_chla,0.6
SWE-019,winter_DIN,NA
SWE-019,winter_DIP,NA
SWE-019,oxyg_debt,NA
SWE-020,summer_secchi,NA
SWE-020,summer_chla,0.57
SWE-020,winter_DIN,NA
SWE-020,winter_DIP,NA
SWE-020,oxyg_debt,NA
SWE-021,summer_secchi,NA
SWE-021,summer_chla,0.55
SWE-021,winter_DIN,NA
SWE-021,winter_DIP,NA
SWE-021,oxyg_debt,NA
SWE-022,summer_secchi,NA
SWE-022,summer_chla,0.52
SWE-022,winter_DIN,NA
SWE-022,winter_DIP,NA
SWE-022,oxyg_debt,NA
SWE-023,summer_secchi,NA
SWE-023,summer_chla,0.55
SWE-023,winter_DIN,NA
SWE-023,winter_DIP,NA
SWE-023,oxyg_debt,NA
SWE-024,summer_secchi,NA
SWE-024,summer_chla,0.67
SWE-024,winter_DIN,NA
SWE-024,winter_DIP,NA
SWE-024,oxyg_debt,NA
SWE-025,summer_secchi,NA
SWE-025,summer_chla,0.67
SWE-025,winter_DIN,NA
SWE-025,winter_DIP,NA
SWE-025,oxyg_debt,NA
