goal,dimension,region_id,score
AO,future,0,100
AO,future,1,100
AO,future,2,100
AO,future,3,100
AO,future,4,100
AO,future,5,100
AO,future,6,100
AO,future,7,100
AO,future,8,100
AO,future,9,100
AO,future,10,100
AO,future,11,100
AO,future,12,100
AO,future,13,100
AO,future,14,100
AO,future,15,100
AO,future,16,100
AO,future,17,100
AO,future,18,100
AO,future,19,100
AO,future,20,100
AO,future,21,100
AO,future,22,100
AO,future,23,100
AO,future,24,100
AO,future,25,100
AO,future,26,100
AO,future,27,100
AO,future,28,100
AO,future,29,100
AO,future,30,100
AO,future,31,100
AO,future,32,100
AO,future,33,100
AO,future,34,100
AO,future,35,100
AO,future,36,100
AO,future,37,100
AO,future,38,100
AO,future,39,100
AO,future,40,100
AO,future,41,100
AO,future,42,100
AO,pressures,1,18.07
AO,pressures,2,18.07
AO,pressures,3,18.07
AO,pressures,4,18.07
AO,pressures,5,18.07
AO,pressures,6,18.07
AO,pressures,7,18.07
AO,pressures,8,18.07
AO,pressures,9,18.07
AO,pressures,10,18.07
AO,pressures,11,18.07
AO,pressures,12,18.07
AO,pressures,13,18.07
AO,pressures,14,18.07
AO,pressures,15,18.07
AO,pressures,16,18.07
AO,pressures,17,18.07
AO,pressures,18,18.07
AO,pressures,19,18.07
AO,pressures,20,18.07
AO,pressures,21,18.07
AO,pressures,22,18.07
AO,pressures,23,18.07
AO,pressures,24,18.07
AO,pressures,25,18.07
AO,pressures,26,18.07
AO,pressures,27,18.07
AO,pressures,28,18.07
AO,pressures,29,18.07
AO,pressures,30,18.07
AO,pressures,31,18.07
AO,pressures,32,18.07
AO,pressures,33,18.07
AO,pressures,34,18.07
AO,pressures,35,18.07
AO,pressures,36,18.07
AO,pressures,37,18.07
AO,pressures,38,18.07
AO,pressures,39,18.07
AO,pressures,40,18.07
AO,pressures,41,18.07
AO,pressures,42,18.07
AO,resilience,1,81.95
AO,resilience,2,81.95
AO,resilience,3,81.95
AO,resilience,4,81.95
AO,resilience,5,81.95
AO,resilience,6,81.95
AO,resilience,7,81.95
AO,resilience,8,81.95
AO,resilience,9,81.95
AO,resilience,10,81.95
AO,resilience,11,81.95
AO,resilience,12,81.95
AO,resilience,13,81.95
AO,resilience,14,81.95
AO,resilience,15,81.95
AO,resilience,16,81.95
AO,resilience,17,81.95
AO,resilience,18,81.95
AO,resilience,19,81.95
AO,resilience,20,81.95
AO,resilience,21,81.95
AO,resilience,22,81.95
AO,resilience,23,81.95
AO,resilience,24,81.95
AO,resilience,25,81.95
AO,resilience,26,81.95
AO,resilience,27,81.95
AO,resilience,28,81.95
AO,resilience,29,81.95
AO,resilience,30,81.95
AO,resilience,31,81.95
AO,resilience,32,81.95
AO,resilience,33,81.95
AO,resilience,34,81.95
AO,resilience,35,81.95
AO,resilience,36,81.95
AO,resilience,37,81.95
AO,resilience,38,81.95
AO,resilience,39,81.95
AO,resilience,40,81.95
AO,resilience,41,81.95
AO,resilience,42,81.95
AO,score,0,98.02
AO,score,1,98.02
AO,score,2,98.02
AO,score,3,98.02
AO,score,4,98.02
AO,score,5,98.02
AO,score,6,98.02
AO,score,7,98.02
AO,score,8,98.02
AO,score,9,98.02
AO,score,10,98.02
AO,score,11,98.02
AO,score,12,98.02
AO,score,13,98.02
AO,score,14,98.02
AO,score,15,98.02
AO,score,16,98.02
AO,score,17,98.02
AO,score,18,98.02
AO,score,19,98.02
AO,score,20,98.02
AO,score,21,98.02
AO,score,22,98.02
AO,score,23,98.02
AO,score,24,98.02
AO,score,25,98.02
AO,score,26,98.02
AO,score,27,98.02
AO,score,28,98.02
AO,score,29,98.02
AO,score,30,98.02
AO,score,31,98.02
AO,score,32,98.02
AO,score,33,98.02
AO,score,34,98.02
AO,score,35,98.02
AO,score,36,98.02
AO,score,37,98.02
AO,score,38,98.02
AO,score,39,98.02
AO,score,40,98.02
AO,score,41,98.02
AO,score,42,98.02
AO,status,0,96.05
AO,status,1,96.05
AO,status,2,96.05
AO,status,3,96.05
AO,status,4,96.05
AO,status,5,96.05
AO,status,6,96.05
AO,status,7,96.05
AO,status,8,96.05
AO,status,9,96.05
AO,status,10,96.05
AO,status,11,96.05
AO,status,12,96.05
AO,status,13,96.05
AO,status,14,96.05
AO,status,15,96.05
AO,status,16,96.05
AO,status,17,96.05
AO,status,18,96.05
AO,status,19,96.05
AO,status,20,96.05
AO,status,21,96.05
AO,status,22,96.05
AO,status,23,96.05
AO,status,24,96.05
AO,status,25,96.05
AO,status,26,96.05
AO,status,27,96.05
AO,status,28,96.05
AO,status,29,96.05
AO,status,30,96.05
AO,status,31,96.05
AO,status,32,96.05
AO,status,33,96.05
AO,status,34,96.05
AO,status,35,96.05
AO,status,36,96.05
AO,status,37,96.05
AO,status,38,96.05
AO,status,39,96.05
AO,status,40,96.05
AO,status,41,96.05
AO,status,42,96.05
AO,trend,1,0.05
AO,trend,2,0.05
AO,trend,3,0.05
AO,trend,4,0.05
AO,trend,5,0.05
AO,trend,6,0.05
AO,trend,7,0.05
AO,trend,8,0.05
AO,trend,9,0.05
AO,trend,10,0.05
AO,trend,11,0.05
AO,trend,12,0.05
AO,trend,13,0.05
AO,trend,14,0.05
AO,trend,15,0.05
AO,trend,16,0.05
AO,trend,17,0.05
AO,trend,18,0.05
AO,trend,19,0.05
AO,trend,20,0.05
AO,trend,21,0.05
AO,trend,22,0.05
AO,trend,23,0.05
AO,trend,24,0.05
AO,trend,25,0.05
AO,trend,26,0.05
AO,trend,27,0.05
AO,trend,28,0.05
AO,trend,29,0.05
AO,trend,30,0.05
AO,trend,31,0.05
AO,trend,32,0.05
AO,trend,33,0.05
AO,trend,34,0.05
AO,trend,35,0.05
AO,trend,36,0.05
AO,trend,37,0.05
AO,trend,38,0.05
AO,trend,39,0.05
AO,trend,40,0.05
AO,trend,41,0.05
AO,trend,42,0.05
BD,future,0,90.12
BD,future,1,90.12
BD,future,2,90.12
BD,future,3,90.12
BD,future,4,90.12
BD,future,5,90.12
BD,future,6,90.12
BD,future,7,90.12
BD,future,8,90.12
BD,future,9,90.12
BD,future,10,90.12
BD,future,11,90.12
BD,future,12,90.12
BD,future,13,90.12
BD,future,14,90.12
BD,future,15,90.12
BD,future,16,90.12
BD,future,17,90.12
BD,future,18,90.12
BD,future,19,90.12
BD,future,20,90.12
BD,future,21,90.12
BD,future,22,90.12
BD,future,23,90.12
BD,future,24,90.12
BD,future,25,90.12
BD,future,26,90.12
BD,future,27,90.12
BD,future,28,90.12
BD,future,29,90.12
BD,future,30,90.12
BD,future,31,90.12
BD,future,32,90.12
BD,future,33,90.12
BD,future,34,90.12
BD,future,35,90.12
BD,future,36,90.12
BD,future,37,90.12
BD,future,38,90.12
BD,future,39,90.12
BD,future,40,90.12
BD,future,41,90.12
BD,future,42,90.12
BD,pressures,1,
BD,pressures,2,
BD,pressures,3,
BD,pressures,4,
BD,pressures,5,
BD,pressures,6,
BD,pressures,7,
BD,pressures,8,
BD,pressures,9,
BD,pressures,10,
BD,pressures,11,
BD,pressures,12,
BD,pressures,13,
BD,pressures,14,
BD,pressures,15,
BD,pressures,16,
BD,pressures,17,
BD,pressures,18,
BD,pressures,19,
BD,pressures,20,
BD,pressures,21,
BD,pressures,22,
BD,pressures,23,
BD,pressures,24,
BD,pressures,25,
BD,pressures,26,
BD,pressures,27,
BD,pressures,28,
BD,pressures,29,
BD,pressures,30,
BD,pressures,31,
BD,pressures,32,
BD,pressures,33,
BD,pressures,34,
BD,pressures,35,
BD,pressures,36,
BD,pressures,37,
BD,pressures,38,
BD,pressures,39,
BD,pressures,40,
BD,pressures,41,
BD,pressures,42,
BD,resilience,1,
BD,resilience,2,
BD,resilience,3,
BD,resilience,4,
BD,resilience,5,
BD,resilience,6,
BD,resilience,7,
BD,resilience,8,
BD,resilience,9,
BD,resilience,10,
BD,resilience,11,
BD,resilience,12,
BD,resilience,13,
BD,resilience,14,
BD,resilience,15,
BD,resilience,16,
BD,resilience,17,
BD,resilience,18,
BD,resilience,19,
BD,resilience,20,
BD,resilience,21,
BD,resilience,22,
BD,resilience,23,
BD,resilience,24,
BD,resilience,25,
BD,resilience,26,
BD,resilience,27,
BD,resilience,28,
BD,resilience,29,
BD,resilience,30,
BD,resilience,31,
BD,resilience,32,
BD,resilience,33,
BD,resilience,34,
BD,resilience,35,
BD,resilience,36,
BD,resilience,37,
BD,resilience,38,
BD,resilience,39,
BD,resilience,40,
BD,resilience,41,
BD,resilience,42,
BD,score,0,84.88
BD,score,1,84.88
BD,score,2,84.88
BD,score,3,84.88
BD,score,4,84.88
BD,score,5,84.88
BD,score,6,84.88
BD,score,7,84.88
BD,score,8,84.88
BD,score,9,84.88
BD,score,10,84.88
BD,score,11,84.88
BD,score,12,84.88
BD,score,13,84.88
BD,score,14,84.88
BD,score,15,84.88
BD,score,16,84.88
BD,score,17,84.88
BD,score,18,84.88
BD,score,19,84.88
BD,score,20,84.88
BD,score,21,84.88
BD,score,22,84.88
BD,score,23,84.88
BD,score,24,84.88
BD,score,25,84.88
BD,score,26,84.88
BD,score,27,84.88
BD,score,28,84.88
BD,score,29,84.88
BD,score,30,84.88
BD,score,31,84.88
BD,score,32,84.88
BD,score,33,84.88
BD,score,34,84.88
BD,score,35,84.88
BD,score,36,84.88
BD,score,37,84.88
BD,score,38,84.88
BD,score,39,84.88
BD,score,40,84.88
BD,score,41,84.88
BD,score,42,84.88
BD,status,0,79.63
BD,status,1,79.63
BD,status,2,79.63
BD,status,3,79.63
BD,status,4,79.63
BD,status,5,79.63
BD,status,6,79.63
BD,status,7,79.63
BD,status,8,79.63
BD,status,9,79.63
BD,status,10,79.63
BD,status,11,79.63
BD,status,12,79.63
BD,status,13,79.63
BD,status,14,79.63
BD,status,15,79.63
BD,status,16,79.63
BD,status,17,79.63
BD,status,18,79.63
BD,status,19,79.63
BD,status,20,79.63
BD,status,21,79.63
BD,status,22,79.63
BD,status,23,79.63
BD,status,24,79.63
BD,status,25,79.63
BD,status,26,79.63
BD,status,27,79.63
BD,status,28,79.63
BD,status,29,79.63
BD,status,30,79.63
BD,status,31,79.63
BD,status,32,79.63
BD,status,33,79.63
BD,status,34,79.63
BD,status,35,79.63
BD,status,36,79.63
BD,status,37,79.63
BD,status,38,79.63
BD,status,39,79.63
BD,status,40,79.63
BD,status,41,79.63
BD,status,42,79.63
BD,trend,1,-0.08
BD,trend,2,-0.08
BD,trend,3,-0.08
BD,trend,4,-0.08
BD,trend,5,-0.08
BD,trend,6,-0.08
BD,trend,7,-0.08
BD,trend,8,-0.08
BD,trend,9,-0.08
BD,trend,10,-0.08
BD,trend,11,-0.08
BD,trend,12,-0.08
BD,trend,13,-0.08
BD,trend,14,-0.08
BD,trend,15,-0.08
BD,trend,16,-0.08
BD,trend,17,-0.08
BD,trend,18,-0.08
BD,trend,19,-0.08
BD,trend,20,-0.08
BD,trend,21,-0.08
BD,trend,22,-0.08
BD,trend,23,-0.08
BD,trend,24,-0.08
BD,trend,25,-0.08
BD,trend,26,-0.08
BD,trend,27,-0.08
BD,trend,28,-0.08
BD,trend,29,-0.08
BD,trend,30,-0.08
BD,trend,31,-0.08
BD,trend,32,-0.08
BD,trend,33,-0.08
BD,trend,34,-0.08
BD,trend,35,-0.08
BD,trend,36,-0.08
BD,trend,37,-0.08
BD,trend,38,-0.08
BD,trend,39,-0.08
BD,trend,40,-0.08
BD,trend,41,-0.08
BD,trend,42,-0.08
CP,future,0,23.48
CP,future,1,23.48
CP,future,2,23.48
CP,future,3,23.48
CP,future,4,23.48
CP,future,5,23.48
CP,future,6,23.48
CP,future,7,23.48
CP,future,8,23.48
CP,future,9,23.48
CP,future,10,23.48
CP,future,11,23.48
CP,future,12,23.48
CP,future,13,23.48
CP,future,14,23.48
CP,future,15,23.48
CP,future,16,23.48
CP,future,17,23.48
CP,future,18,23.48
CP,future,19,23.48
CP,future,20,23.48
CP,future,21,23.48
CP,future,22,23.48
CP,future,23,23.48
CP,future,24,23.48
CP,future,25,23.48
CP,future,26,23.48
CP,future,27,23.48
CP,future,28,23.48
CP,future,29,23.48
CP,future,30,23.48
CP,future,31,23.48
CP,future,32,23.48
CP,future,33,23.48
CP,future,34,23.48
CP,future,35,23.48
CP,future,36,23.48
CP,future,37,23.48
CP,future,38,23.48
CP,future,39,23.48
CP,future,40,23.48
CP,future,41,23.48
CP,future,42,23.48
CP,pressures,1,48.53
CP,pressures,2,48.53
CP,pressures,3,48.53
CP,pressures,4,48.53
CP,pressures,5,48.53
CP,pressures,6,48.53
CP,pressures,7,48.53
CP,pressures,8,48.53
CP,pressures,9,48.53
CP,pressures,10,48.53
CP,pressures,11,48.53
CP,pressures,12,48.53
CP,pressures,13,48.53
CP,pressures,14,48.53
CP,pressures,15,48.53
CP,pressures,16,48.53
CP,pressures,17,48.53
CP,pressures,18,48.53
CP,pressures,19,48.53
CP,pressures,20,48.53
CP,pressures,21,48.53
CP,pressures,22,48.53
CP,pressures,23,48.53
CP,pressures,24,48.53
CP,pressures,25,48.53
CP,pressures,26,48.53
CP,pressures,27,48.53
CP,pressures,28,48.53
CP,pressures,29,48.53
CP,pressures,30,48.53
CP,pressures,31,48.53
CP,pressures,32,48.53
CP,pressures,33,48.53
CP,pressures,34,48.53
CP,pressures,35,48.53
CP,pressures,36,48.53
CP,pressures,37,48.53
CP,pressures,38,48.53
CP,pressures,39,48.53
CP,pressures,40,48.53
CP,pressures,41,48.53
CP,pressures,42,48.53
CP,resilience,1,86.82
CP,resilience,2,86.82
CP,resilience,3,86.82
CP,resilience,4,86.82
CP,resilience,5,86.82
CP,resilience,6,86.82
CP,resilience,7,86.82
CP,resilience,8,86.82
CP,resilience,9,86.82
CP,resilience,10,86.82
CP,resilience,11,86.82
CP,resilience,12,86.82
CP,resilience,13,86.82
CP,resilience,14,86.82
CP,resilience,15,86.82
CP,resilience,16,86.82
CP,resilience,17,86.82
CP,resilience,18,86.82
CP,resilience,19,86.82
CP,resilience,20,86.82
CP,resilience,21,86.82
CP,resilience,22,86.82
CP,resilience,23,86.82
CP,resilience,24,86.82
CP,resilience,25,86.82
CP,resilience,26,86.82
CP,resilience,27,86.82
CP,resilience,28,86.82
CP,resilience,29,86.82
CP,resilience,30,86.82
CP,resilience,31,86.82
CP,resilience,32,86.82
CP,resilience,33,86.82
CP,resilience,34,86.82
CP,resilience,35,86.82
CP,resilience,36,86.82
CP,resilience,37,86.82
CP,resilience,38,86.82
CP,resilience,39,86.82
CP,resilience,40,86.82
CP,resilience,41,86.82
CP,resilience,42,86.82
CP,score,0,29.33
CP,score,1,29.33
CP,score,2,29.33
CP,score,3,29.33
CP,score,4,29.33
CP,score,5,29.33
CP,score,6,29.33
CP,score,7,29.33
CP,score,8,29.33
CP,score,9,29.33
CP,score,10,29.33
CP,score,11,29.33
CP,score,12,29.33
CP,score,13,29.33
CP,score,14,29.33
CP,score,15,29.33
CP,score,16,29.33
CP,score,17,29.33
CP,score,18,29.33
CP,score,19,29.33
CP,score,20,29.33
CP,score,21,29.33
CP,score,22,29.33
CP,score,23,29.33
CP,score,24,29.33
CP,score,25,29.33
CP,score,26,29.33
CP,score,27,29.33
CP,score,28,29.33
CP,score,29,29.33
CP,score,30,29.33
CP,score,31,29.33
CP,score,32,29.33
CP,score,33,29.33
CP,score,34,29.33
CP,score,35,29.33
CP,score,36,29.33
CP,score,37,29.33
CP,score,38,29.33
CP,score,39,29.33
CP,score,40,29.33
CP,score,41,29.33
CP,score,42,29.33
CP,status,0,35.18
CP,status,1,35.18
CP,status,2,35.18
CP,status,3,35.18
CP,status,4,35.18
CP,status,5,35.18
CP,status,6,35.18
CP,status,7,35.18
CP,status,8,35.18
CP,status,9,35.18
CP,status,10,35.18
CP,status,11,35.18
CP,status,12,35.18
CP,status,13,35.18
CP,status,14,35.18
CP,status,15,35.18
CP,status,16,35.18
CP,status,17,35.18
CP,status,18,35.18
CP,status,19,35.18
CP,status,20,35.18
CP,status,21,35.18
CP,status,22,35.18
CP,status,23,35.18
CP,status,24,35.18
CP,status,25,35.18
CP,status,26,35.18
CP,status,27,35.18
CP,status,28,35.18
CP,status,29,35.18
CP,status,30,35.18
CP,status,31,35.18
CP,status,32,35.18
CP,status,33,35.18
CP,status,34,35.18
CP,status,35,35.18
CP,status,36,35.18
CP,status,37,35.18
CP,status,38,35.18
CP,status,39,35.18
CP,status,40,35.18
CP,status,41,35.18
CP,status,42,35.18
CP,trend,1,-0.69
CP,trend,2,-0.69
CP,trend,3,-0.69
CP,trend,4,-0.69
CP,trend,5,-0.69
CP,trend,6,-0.69
CP,trend,7,-0.69
CP,trend,8,-0.69
CP,trend,9,-0.69
CP,trend,10,-0.69
CP,trend,11,-0.69
CP,trend,12,-0.69
CP,trend,13,-0.69
CP,trend,14,-0.69
CP,trend,15,-0.69
CP,trend,16,-0.69
CP,trend,17,-0.69
CP,trend,18,-0.69
CP,trend,19,-0.69
CP,trend,20,-0.69
CP,trend,21,-0.69
CP,trend,22,-0.69
CP,trend,23,-0.69
CP,trend,24,-0.69
CP,trend,25,-0.69
CP,trend,26,-0.69
CP,trend,27,-0.69
CP,trend,28,-0.69
CP,trend,29,-0.69
CP,trend,30,-0.69
CP,trend,31,-0.69
CP,trend,32,-0.69
CP,trend,33,-0.69
CP,trend,34,-0.69
CP,trend,35,-0.69
CP,trend,36,-0.69
CP,trend,37,-0.69
CP,trend,38,-0.69
CP,trend,39,-0.69
CP,trend,40,-0.69
CP,trend,41,-0.69
CP,trend,42,-0.69
CS,future,0,67.34
CS,future,1,67.34
CS,future,2,67.34
CS,future,3,67.34
CS,future,4,67.34
CS,future,5,67.34
CS,future,6,67.34
CS,future,7,67.34
CS,future,8,67.34
CS,future,9,67.34
CS,future,10,67.34
CS,future,11,67.34
CS,future,12,67.34
CS,future,13,67.34
CS,future,14,67.34
CS,future,15,67.34
CS,future,16,67.34
CS,future,17,67.34
CS,future,18,67.34
CS,future,19,67.34
CS,future,20,67.34
CS,future,21,67.34
CS,future,22,67.34
CS,future,23,67.34
CS,future,24,67.34
CS,future,25,67.34
CS,future,26,67.34
CS,future,27,67.34
CS,future,28,67.34
CS,future,29,67.34
CS,future,30,67.34
CS,future,31,67.34
CS,future,32,67.34
CS,future,33,67.34
CS,future,34,67.34
CS,future,35,67.34
CS,future,36,67.34
CS,future,37,67.34
CS,future,38,67.34
CS,future,39,67.34
CS,future,40,67.34
CS,future,41,67.34
CS,future,42,67.34
CS,pressures,1,23.55
CS,pressures,2,23.55
CS,pressures,3,23.55
CS,pressures,4,23.55
CS,pressures,5,23.55
CS,pressures,6,23.55
CS,pressures,7,23.55
CS,pressures,8,23.55
CS,pressures,9,23.55
CS,pressures,10,23.55
CS,pressures,11,23.55
CS,pressures,12,23.55
CS,pressures,13,23.55
CS,pressures,14,23.55
CS,pressures,15,23.55
CS,pressures,16,23.55
CS,pressures,17,23.55
CS,pressures,18,23.55
CS,pressures,19,23.55
CS,pressures,20,23.55
CS,pressures,21,23.55
CS,pressures,22,23.55
CS,pressures,23,23.55
CS,pressures,24,23.55
CS,pressures,25,23.55
CS,pressures,26,23.55
CS,pressures,27,23.55
CS,pressures,28,23.55
CS,pressures,29,23.55
CS,pressures,30,23.55
CS,pressures,31,23.55
CS,pressures,32,23.55
CS,pressures,33,23.55
CS,pressures,34,23.55
CS,pressures,35,23.55
CS,pressures,36,23.55
CS,pressures,37,23.55
CS,pressures,38,23.55
CS,pressures,39,23.55
CS,pressures,40,23.55
CS,pressures,41,23.55
CS,pressures,42,23.55
CS,resilience,1,89.74
CS,resilience,2,89.74
CS,resilience,3,89.74
CS,resilience,4,89.74
CS,resilience,5,89.74
CS,resilience,6,89.74
CS,resilience,7,89.74
CS,resilience,8,89.74
CS,resilience,9,89.74
CS,resilience,10,89.74
CS,resilience,11,89.74
CS,resilience,12,89.74
CS,resilience,13,89.74
CS,resilience,14,89.74
CS,resilience,15,89.74
CS,resilience,16,89.74
CS,resilience,17,89.74
CS,resilience,18,89.74
CS,resilience,19,89.74
CS,resilience,20,89.74
CS,resilience,21,89.74
CS,resilience,22,89.74
CS,resilience,23,89.74
CS,resilience,24,89.74
CS,resilience,25,89.74
CS,resilience,26,89.74
CS,resilience,27,89.74
CS,resilience,28,89.74
CS,resilience,29,89.74
CS,resilience,30,89.74
CS,resilience,31,89.74
CS,resilience,32,89.74
CS,resilience,33,89.74
CS,resilience,34,89.74
CS,resilience,35,89.74
CS,resilience,36,89.74
CS,resilience,37,89.74
CS,resilience,38,89.74
CS,resilience,39,89.74
CS,resilience,40,89.74
CS,resilience,41,89.74
CS,resilience,42,89.74
CS,score,0,61.31
CS,score,1,61.31
CS,score,2,61.31
CS,score,3,61.31
CS,score,4,61.31
CS,score,5,61.31
CS,score,6,61.31
CS,score,7,61.31
CS,score,8,61.31
CS,score,9,61.31
CS,score,10,61.31
CS,score,11,61.31
CS,score,12,61.31
CS,score,13,61.31
CS,score,14,61.31
CS,score,15,61.31
CS,score,16,61.31
CS,score,17,61.31
CS,score,18,61.31
CS,score,19,61.31
CS,score,20,61.31
CS,score,21,61.31
CS,score,22,61.31
CS,score,23,61.31
CS,score,24,61.31
CS,score,25,61.31
CS,score,26,61.31
CS,score,27,61.31
CS,score,28,61.31
CS,score,29,61.31
CS,score,30,61.31
CS,score,31,61.31
CS,score,32,61.31
CS,score,33,61.31
CS,score,34,61.31
CS,score,35,61.31
CS,score,36,61.31
CS,score,37,61.31
CS,score,38,61.31
CS,score,39,61.31
CS,score,40,61.31
CS,score,41,61.31
CS,score,42,61.31
CS,status,0,55.27
CS,status,1,55.27
CS,status,2,55.27
CS,status,3,55.27
CS,status,4,55.27
CS,status,5,55.27
CS,status,6,55.27
CS,status,7,55.27
CS,status,8,55.27
CS,status,9,55.27
CS,status,10,55.27
CS,status,11,55.27
CS,status,12,55.27
CS,status,13,55.27
CS,status,14,55.27
CS,status,15,55.27
CS,status,16,55.27
CS,status,17,55.27
CS,status,18,55.27
CS,status,19,55.27
CS,status,20,55.27
CS,status,21,55.27
CS,status,22,55.27
CS,status,23,55.27
CS,status,24,55.27
CS,status,25,55.27
CS,status,26,55.27
CS,status,27,55.27
CS,status,28,55.27
CS,status,29,55.27
CS,status,30,55.27
CS,status,31,55.27
CS,status,32,55.27
CS,status,33,55.27
CS,status,34,55.27
CS,status,35,55.27
CS,status,36,55.27
CS,status,37,55.27
CS,status,38,55.27
CS,status,39,55.27
CS,status,40,55.27
CS,status,41,55.27
CS,status,42,55.27
CS,trend,1,0
CS,trend,2,0
CS,trend,3,0
CS,trend,4,0
CS,trend,5,0
CS,trend,6,0
CS,trend,7,0
CS,trend,8,0
CS,trend,9,0
CS,trend,10,0
CS,trend,11,0
CS,trend,12,0
CS,trend,13,0
CS,trend,14,0
CS,trend,15,0
CS,trend,16,0
CS,trend,17,0
CS,trend,18,0
CS,trend,19,0
CS,trend,20,0
CS,trend,21,0
CS,trend,22,0
CS,trend,23,0
CS,trend,24,0
CS,trend,25,0
CS,trend,26,0
CS,trend,27,0
CS,trend,28,0
CS,trend,29,0
CS,trend,30,0
CS,trend,31,0
CS,trend,32,0
CS,trend,33,0
CS,trend,34,0
CS,trend,35,0
CS,trend,36,0
CS,trend,37,0
CS,trend,38,0
CS,trend,39,0
CS,trend,40,0
CS,trend,41,0
CS,trend,42,0
CW,future,0,63.33
CW,future,1,63.33
CW,future,2,63.33
CW,future,3,63.33
CW,future,4,63.33
CW,future,5,63.33
CW,future,6,63.33
CW,future,7,63.33
CW,future,8,63.33
CW,future,9,63.33
CW,future,10,63.33
CW,future,11,63.33
CW,future,12,63.33
CW,future,13,63.33
CW,future,14,63.33
CW,future,15,63.33
CW,future,16,63.33
CW,future,17,63.33
CW,future,18,63.33
CW,future,19,63.33
CW,future,20,63.33
CW,future,21,63.33
CW,future,22,63.33
CW,future,23,63.33
CW,future,24,63.33
CW,future,25,63.33
CW,future,26,63.33
CW,future,27,63.33
CW,future,28,63.33
CW,future,29,63.33
CW,future,30,63.33
CW,future,31,63.33
CW,future,32,63.33
CW,future,33,63.33
CW,future,34,63.33
CW,future,35,63.33
CW,future,36,63.33
CW,future,37,63.33
CW,future,38,63.33
CW,future,39,63.33
CW,future,40,63.33
CW,future,41,63.33
CW,future,42,63.33
CW,pressures,1,56.6
CW,pressures,2,56.6
CW,pressures,3,56.6
CW,pressures,4,56.6
CW,pressures,5,56.6
CW,pressures,6,56.6
CW,pressures,7,56.6
CW,pressures,8,56.6
CW,pressures,9,56.6
CW,pressures,10,56.6
CW,pressures,11,56.6
CW,pressures,12,56.6
CW,pressures,13,56.6
CW,pressures,14,56.6
CW,pressures,15,56.6
CW,pressures,16,56.6
CW,pressures,17,56.6
CW,pressures,18,56.6
CW,pressures,19,56.6
CW,pressures,20,56.6
CW,pressures,21,56.6
CW,pressures,22,56.6
CW,pressures,23,56.6
CW,pressures,24,56.6
CW,pressures,25,56.6
CW,pressures,26,56.6
CW,pressures,27,56.6
CW,pressures,28,56.6
CW,pressures,29,56.6
CW,pressures,30,56.6
CW,pressures,31,56.6
CW,pressures,32,56.6
CW,pressures,33,56.6
CW,pressures,34,56.6
CW,pressures,35,56.6
CW,pressures,36,56.6
CW,pressures,37,56.6
CW,pressures,38,56.6
CW,pressures,39,56.6
CW,pressures,40,56.6
CW,pressures,41,56.6
CW,pressures,42,56.6
CW,resilience,1,93.4
CW,resilience,2,93.4
CW,resilience,3,93.4
CW,resilience,4,93.4
CW,resilience,5,93.4
CW,resilience,6,93.4
CW,resilience,7,93.4
CW,resilience,8,93.4
CW,resilience,9,93.4
CW,resilience,10,93.4
CW,resilience,11,93.4
CW,resilience,12,93.4
CW,resilience,13,93.4
CW,resilience,14,93.4
CW,resilience,15,93.4
CW,resilience,16,93.4
CW,resilience,17,93.4
CW,resilience,18,93.4
CW,resilience,19,93.4
CW,resilience,20,93.4
CW,resilience,21,93.4
CW,resilience,22,93.4
CW,resilience,23,93.4
CW,resilience,24,93.4
CW,resilience,25,93.4
CW,resilience,26,93.4
CW,resilience,27,93.4
CW,resilience,28,93.4
CW,resilience,29,93.4
CW,resilience,30,93.4
CW,resilience,31,93.4
CW,resilience,32,93.4
CW,resilience,33,93.4
CW,resilience,34,93.4
CW,resilience,35,93.4
CW,resilience,36,93.4
CW,resilience,37,93.4
CW,resilience,38,93.4
CW,resilience,39,93.4
CW,resilience,40,93.4
CW,resilience,41,93.4
CW,resilience,42,93.4
CW,score,0,62.81
CW,score,1,62.81
CW,score,2,62.81
CW,score,3,62.81
CW,score,4,62.81
CW,score,5,62.81
CW,score,6,62.81
CW,score,7,62.81
CW,score,8,62.81
CW,score,9,62.81
CW,score,10,62.81
CW,score,11,62.81
CW,score,12,62.81
CW,score,13,62.81
CW,score,14,62.81
CW,score,15,62.81
CW,score,16,62.81
CW,score,17,62.81
CW,score,18,62.81
CW,score,19,62.81
CW,score,20,62.81
CW,score,21,62.81
CW,score,22,62.81
CW,score,23,62.81
CW,score,24,62.81
CW,score,25,62.81
CW,score,26,62.81
CW,score,27,62.81
CW,score,28,62.81
CW,score,29,62.81
CW,score,30,62.81
CW,score,31,62.81
CW,score,32,62.81
CW,score,33,62.81
CW,score,34,62.81
CW,score,35,62.81
CW,score,36,62.81
CW,score,37,62.81
CW,score,38,62.81
CW,score,39,62.81
CW,score,40,62.81
CW,score,41,62.81
CW,score,42,62.81
CW,status,0,62.3
CW,status,1,62.3
CW,status,2,62.3
CW,status,3,62.3
CW,status,4,62.3
CW,status,5,62.3
CW,status,6,62.3
CW,status,7,62.3
CW,status,8,62.3
CW,status,9,62.3
CW,status,10,62.3
CW,status,11,62.3
CW,status,12,62.3
CW,status,13,62.3
CW,status,14,62.3
CW,status,15,62.3
CW,status,16,62.3
CW,status,17,62.3
CW,status,18,62.3
CW,status,19,62.3
CW,status,20,62.3
CW,status,21,62.3
CW,status,22,62.3
CW,status,23,62.3
CW,status,24,62.3
CW,status,25,62.3
CW,status,26,62.3
CW,status,27,62.3
CW,status,28,62.3
CW,status,29,62.3
CW,status,30,62.3
CW,status,31,62.3
CW,status,32,62.3
CW,status,33,62.3
CW,status,34,62.3
CW,status,35,62.3
CW,status,36,62.3
CW,status,37,62.3
CW,status,38,62.3
CW,status,39,62.3
CW,status,40,62.3
CW,status,41,62.3
CW,status,42,62.3
CW,trend,1,-0.16
CW,trend,2,-0.16
CW,trend,3,-0.16
CW,trend,4,-0.16
CW,trend,5,-0.16
CW,trend,6,-0.16
CW,trend,7,-0.16
CW,trend,8,-0.16
CW,trend,9,-0.16
CW,trend,10,-0.16
CW,trend,11,-0.16
CW,trend,12,-0.16
CW,trend,13,-0.16
CW,trend,14,-0.16
CW,trend,15,-0.16
CW,trend,16,-0.16
CW,trend,17,-0.16
CW,trend,18,-0.16
CW,trend,19,-0.16
CW,trend,20,-0.16
CW,trend,21,-0.16
CW,trend,22,-0.16
CW,trend,23,-0.16
CW,trend,24,-0.16
CW,trend,25,-0.16
CW,trend,26,-0.16
CW,trend,27,-0.16
CW,trend,28,-0.16
CW,trend,29,-0.16
CW,trend,30,-0.16
CW,trend,31,-0.16
CW,trend,32,-0.16
CW,trend,33,-0.16
CW,trend,34,-0.16
CW,trend,35,-0.16
CW,trend,36,-0.16
CW,trend,37,-0.16
CW,trend,38,-0.16
CW,trend,39,-0.16
CW,trend,40,-0.16
CW,trend,41,-0.16
CW,trend,42,-0.16
ECO,future,0,100
ECO,future,1,100
ECO,future,2,100
ECO,future,3,100
ECO,future,4,100
ECO,future,5,100
ECO,future,6,100
ECO,future,7,100
ECO,future,8,100
ECO,future,9,100
ECO,future,10,100
ECO,future,11,100
ECO,future,12,100
ECO,future,13,100
ECO,future,14,100
ECO,future,15,100
ECO,future,16,100
ECO,future,17,100
ECO,future,18,100
ECO,future,19,100
ECO,future,20,100
ECO,future,21,100
ECO,future,22,100
ECO,future,23,100
ECO,future,24,100
ECO,future,25,100
ECO,future,26,100
ECO,future,27,100
ECO,future,28,100
ECO,future,29,100
ECO,future,30,100
ECO,future,31,100
ECO,future,32,100
ECO,future,33,100
ECO,future,34,100
ECO,future,35,100
ECO,future,36,100
ECO,future,37,100
ECO,future,38,100
ECO,future,39,100
ECO,future,40,100
ECO,future,41,100
ECO,future,42,100
ECO,pressures,1,30.32
ECO,pressures,2,30.32
ECO,pressures,3,30.32
ECO,pressures,4,30.32
ECO,pressures,5,30.32
ECO,pressures,6,30.32
ECO,pressures,7,30.32
ECO,pressures,8,30.32
ECO,pressures,9,30.32
ECO,pressures,10,30.32
ECO,pressures,11,30.32
ECO,pressures,12,30.32
ECO,pressures,13,30.32
ECO,pressures,14,30.32
ECO,pressures,15,30.32
ECO,pressures,16,30.32
ECO,pressures,17,30.32
ECO,pressures,18,30.32
ECO,pressures,19,30.32
ECO,pressures,20,30.32
ECO,pressures,21,30.32
ECO,pressures,22,30.32
ECO,pressures,23,30.32
ECO,pressures,24,30.32
ECO,pressures,25,30.32
ECO,pressures,26,30.32
ECO,pressures,27,30.32
ECO,pressures,28,30.32
ECO,pressures,29,30.32
ECO,pressures,30,30.32
ECO,pressures,31,30.32
ECO,pressures,32,30.32
ECO,pressures,33,30.32
ECO,pressures,34,30.32
ECO,pressures,35,30.32
ECO,pressures,36,30.32
ECO,pressures,37,30.32
ECO,pressures,38,30.32
ECO,pressures,39,30.32
ECO,pressures,40,30.32
ECO,pressures,41,30.32
ECO,pressures,42,30.32
ECO,resilience,1,84.15
ECO,resilience,2,84.15
ECO,resilience,3,84.15
ECO,resilience,4,84.15
ECO,resilience,5,84.15
ECO,resilience,6,84.15
ECO,resilience,7,84.15
ECO,resilience,8,84.15
ECO,resilience,9,84.15
ECO,resilience,10,84.15
ECO,resilience,11,84.15
ECO,resilience,12,84.15
ECO,resilience,13,84.15
ECO,resilience,14,84.15
ECO,resilience,15,84.15
ECO,resilience,16,84.15
ECO,resilience,17,84.15
ECO,resilience,18,84.15
ECO,resilience,19,84.15
ECO,resilience,20,84.15
ECO,resilience,21,84.15
ECO,resilience,22,84.15
ECO,resilience,23,84.15
ECO,resilience,24,84.15
ECO,resilience,25,84.15
ECO,resilience,26,84.15
ECO,resilience,27,84.15
ECO,resilience,28,84.15
ECO,resilience,29,84.15
ECO,resilience,30,84.15
ECO,resilience,31,84.15
ECO,resilience,32,84.15
ECO,resilience,33,84.15
ECO,resilience,34,84.15
ECO,resilience,35,84.15
ECO,resilience,36,84.15
ECO,resilience,37,84.15
ECO,resilience,38,84.15
ECO,resilience,39,84.15
ECO,resilience,40,84.15
ECO,resilience,41,84.15
ECO,resilience,42,84.15
ECO,score,0,100
ECO,score,1,100
ECO,score,2,100
ECO,score,3,100
ECO,score,4,100
ECO,score,5,100
ECO,score,6,100
ECO,score,7,100
ECO,score,8,100
ECO,score,9,100
ECO,score,10,100
ECO,score,11,100
ECO,score,12,100
ECO,score,13,100
ECO,score,14,100
ECO,score,15,100
ECO,score,16,100
ECO,score,17,100
ECO,score,18,100
ECO,score,19,100
ECO,score,20,100
ECO,score,21,100
ECO,score,22,100
ECO,score,23,100
ECO,score,24,100
ECO,score,25,100
ECO,score,26,100
ECO,score,27,100
ECO,score,28,100
ECO,score,29,100
ECO,score,30,100
ECO,score,31,100
ECO,score,32,100
ECO,score,33,100
ECO,score,34,100
ECO,score,35,100
ECO,score,36,100
ECO,score,37,100
ECO,score,38,100
ECO,score,39,100
ECO,score,40,100
ECO,score,41,100
ECO,score,42,100
ECO,status,0,100
ECO,status,1,100
ECO,status,2,100
ECO,status,3,100
ECO,status,4,100
ECO,status,5,100
ECO,status,6,100
ECO,status,7,100
ECO,status,8,100
ECO,status,9,100
ECO,status,10,100
ECO,status,11,100
ECO,status,12,100
ECO,status,13,100
ECO,status,14,100
ECO,status,15,100
ECO,status,16,100
ECO,status,17,100
ECO,status,18,100
ECO,status,19,100
ECO,status,20,100
ECO,status,21,100
ECO,status,22,100
ECO,status,23,100
ECO,status,24,100
ECO,status,25,100
ECO,status,26,100
ECO,status,27,100
ECO,status,28,100
ECO,status,29,100
ECO,status,30,100
ECO,status,31,100
ECO,status,32,100
ECO,status,33,100
ECO,status,34,100
ECO,status,35,100
ECO,status,36,100
ECO,status,37,100
ECO,status,38,100
ECO,status,39,100
ECO,status,40,100
ECO,status,41,100
ECO,status,42,100
ECO,trend,1,0.08
ECO,trend,2,0.08
ECO,trend,3,0.08
ECO,trend,4,0.08
ECO,trend,5,0.08
ECO,trend,6,0.08
ECO,trend,7,0.08
ECO,trend,8,0.08
ECO,trend,9,0.08
ECO,trend,10,0.08
ECO,trend,11,0.08
ECO,trend,12,0.08
ECO,trend,13,0.08
ECO,trend,14,0.08
ECO,trend,15,0.08
ECO,trend,16,0.08
ECO,trend,17,0.08
ECO,trend,18,0.08
ECO,trend,19,0.08
ECO,trend,20,0.08
ECO,trend,21,0.08
ECO,trend,22,0.08
ECO,trend,23,0.08
ECO,trend,24,0.08
ECO,trend,25,0.08
ECO,trend,26,0.08
ECO,trend,27,0.08
ECO,trend,28,0.08
ECO,trend,29,0.08
ECO,trend,30,0.08
ECO,trend,31,0.08
ECO,trend,32,0.08
ECO,trend,33,0.08
ECO,trend,34,0.08
ECO,trend,35,0.08
ECO,trend,36,0.08
ECO,trend,37,0.08
ECO,trend,38,0.08
ECO,trend,39,0.08
ECO,trend,40,0.08
ECO,trend,41,0.08
ECO,trend,42,0.08
FIS,future,0,85.36
FIS,future,1,85.36
FIS,future,2,85.36
FIS,future,3,85.36
FIS,future,4,85.36
FIS,future,5,85.36
FIS,future,6,85.36
FIS,future,7,85.36
FIS,future,8,85.36
FIS,future,9,85.36
FIS,future,10,85.36
FIS,future,11,85.36
FIS,future,12,85.36
FIS,future,13,85.36
FIS,future,14,85.36
FIS,future,15,85.36
FIS,future,16,85.36
FIS,future,17,85.36
FIS,future,18,85.36
FIS,future,19,85.36
FIS,future,20,85.36
FIS,future,21,85.36
FIS,future,22,85.36
FIS,future,23,85.36
FIS,future,24,85.36
FIS,future,25,85.36
FIS,future,26,85.36
FIS,future,27,85.36
FIS,future,28,85.36
FIS,future,29,85.36
FIS,future,30,85.36
FIS,future,31,85.36
FIS,future,32,85.36
FIS,future,33,85.36
FIS,future,34,85.36
FIS,future,35,85.36
FIS,future,36,85.36
FIS,future,37,85.36
FIS,future,38,85.36
FIS,future,39,85.36
FIS,future,40,85.36
FIS,future,41,85.36
FIS,future,42,85.36
FIS,pressures,1,21.71
FIS,pressures,2,21.71
FIS,pressures,3,21.71
FIS,pressures,4,21.71
FIS,pressures,5,21.71
FIS,pressures,6,21.71
FIS,pressures,7,21.71
FIS,pressures,8,21.71
FIS,pressures,9,21.71
FIS,pressures,10,21.71
FIS,pressures,11,21.71
FIS,pressures,12,21.71
FIS,pressures,13,21.71
FIS,pressures,14,21.71
FIS,pressures,15,21.71
FIS,pressures,16,21.71
FIS,pressures,17,21.71
FIS,pressures,18,21.71
FIS,pressures,19,21.71
FIS,pressures,20,21.71
FIS,pressures,21,21.71
FIS,pressures,22,21.71
FIS,pressures,23,21.71
FIS,pressures,24,21.71
FIS,pressures,25,21.71
FIS,pressures,26,21.71
FIS,pressures,27,21.71
FIS,pressures,28,21.71
FIS,pressures,29,21.71
FIS,pressures,30,21.71
FIS,pressures,31,21.71
FIS,pressures,32,21.71
FIS,pressures,33,21.71
FIS,pressures,34,21.71
FIS,pressures,35,21.71
FIS,pressures,36,21.71
FIS,pressures,37,21.71
FIS,pressures,38,21.71
FIS,pressures,39,21.71
FIS,pressures,40,21.71
FIS,pressures,41,21.71
FIS,pressures,42,21.71
FIS,resilience,1,78.38
FIS,resilience,2,78.38
FIS,resilience,3,78.38
FIS,resilience,4,78.38
FIS,resilience,5,78.38
FIS,resilience,6,78.38
FIS,resilience,7,78.38
FIS,resilience,8,78.38
FIS,resilience,9,78.38
FIS,resilience,10,78.38
FIS,resilience,11,78.38
FIS,resilience,12,78.38
FIS,resilience,13,78.38
FIS,resilience,14,78.38
FIS,resilience,15,78.38
FIS,resilience,16,78.38
FIS,resilience,17,78.38
FIS,resilience,18,78.38
FIS,resilience,19,78.38
FIS,resilience,20,78.38
FIS,resilience,21,78.38
FIS,resilience,22,78.38
FIS,resilience,23,78.38
FIS,resilience,24,78.38
FIS,resilience,25,78.38
FIS,resilience,26,78.38
FIS,resilience,27,78.38
FIS,resilience,28,78.38
FIS,resilience,29,78.38
FIS,resilience,30,78.38
FIS,resilience,31,78.38
FIS,resilience,32,78.38
FIS,resilience,33,78.38
FIS,resilience,34,78.38
FIS,resilience,35,78.38
FIS,resilience,36,78.38
FIS,resilience,37,78.38
FIS,resilience,38,78.38
FIS,resilience,39,78.38
FIS,resilience,40,78.38
FIS,resilience,41,78.38
FIS,resilience,42,78.38
FIS,score,0,77.63
FIS,score,1,77.63
FIS,score,2,77.63
FIS,score,3,77.63
FIS,score,4,77.63
FIS,score,5,77.63
FIS,score,6,77.63
FIS,score,7,77.63
FIS,score,8,77.63
FIS,score,9,77.63
FIS,score,10,77.63
FIS,score,11,77.63
FIS,score,12,77.63
FIS,score,13,77.63
FIS,score,14,77.63
FIS,score,15,77.63
FIS,score,16,77.63
FIS,score,17,77.63
FIS,score,18,77.63
FIS,score,19,77.63
FIS,score,20,77.63
FIS,score,21,77.63
FIS,score,22,77.63
FIS,score,23,77.63
FIS,score,24,77.63
FIS,score,25,77.63
FIS,score,26,77.63
FIS,score,27,77.63
FIS,score,28,77.63
FIS,score,29,77.63
FIS,score,30,77.63
FIS,score,31,77.63
FIS,score,32,77.63
FIS,score,33,77.63
FIS,score,34,77.63
FIS,score,35,77.63
FIS,score,36,77.63
FIS,score,37,77.63
FIS,score,38,77.63
FIS,score,39,77.63
FIS,score,40,77.63
FIS,score,41,77.63
FIS,score,42,77.63
FIS,status,0,69.9
FIS,status,1,69.9
FIS,status,2,69.9
FIS,status,3,69.9
FIS,status,4,69.9
FIS,status,5,69.9
FIS,status,6,69.9
FIS,status,7,69.9
FIS,status,8,69.9
FIS,status,9,69.9
FIS,status,10,69.9
FIS,status,11,69.9
FIS,status,12,69.9
FIS,status,13,69.9
FIS,status,14,69.9
FIS,status,15,69.9
FIS,status,16,69.9
FIS,status,17,69.9
FIS,status,18,69.9
FIS,status,19,69.9
FIS,status,20,69.9
FIS,status,21,69.9
FIS,status,22,69.9
FIS,status,23,69.9
FIS,status,24,69.9
FIS,status,25,69.9
FIS,status,26,69.9
FIS,status,27,69.9
FIS,status,28,69.9
FIS,status,29,69.9
FIS,status,30,69.9
FIS,status,31,69.9
FIS,status,32,69.9
FIS,status,33,69.9
FIS,status,34,69.9
FIS,status,35,69.9
FIS,status,36,69.9
FIS,status,37,69.9
FIS,status,38,69.9
FIS,status,39,69.9
FIS,status,40,69.9
FIS,status,41,69.9
FIS,status,42,69.9
FIS,trend,1,0.05
FIS,trend,2,0.05
FIS,trend,3,0.05
FIS,trend,4,0.05
FIS,trend,5,0.05
FIS,trend,6,0.05
FIS,trend,7,0.05
FIS,trend,8,0.05
FIS,trend,9,0.05
FIS,trend,10,0.05
FIS,trend,11,0.05
FIS,trend,12,0.05
FIS,trend,13,0.05
FIS,trend,14,0.05
FIS,trend,15,0.05
FIS,trend,16,0.05
FIS,trend,17,0.05
FIS,trend,18,0.05
FIS,trend,19,0.05
FIS,trend,20,0.05
FIS,trend,21,0.05
FIS,trend,22,0.05
FIS,trend,23,0.05
FIS,trend,24,0.05
FIS,trend,25,0.05
FIS,trend,26,0.05
FIS,trend,27,0.05
FIS,trend,28,0.05
FIS,trend,29,0.05
FIS,trend,30,0.05
FIS,trend,31,0.05
FIS,trend,32,0.05
FIS,trend,33,0.05
FIS,trend,34,0.05
FIS,trend,35,0.05
FIS,trend,36,0.05
FIS,trend,37,0.05
FIS,trend,38,0.05
FIS,trend,39,0.05
FIS,trend,40,0.05
FIS,trend,41,0.05
FIS,trend,42,0.05
FP,future,0,85.52
FP,future,1,85.52
FP,future,2,85.52
FP,future,3,85.52
FP,future,4,85.52
FP,future,5,85.52
FP,future,6,85.52
FP,future,7,85.52
FP,future,8,85.52
FP,future,9,85.52
FP,future,10,85.52
FP,future,11,85.52
FP,future,12,85.52
FP,future,13,85.52
FP,future,14,85.52
FP,future,15,85.52
FP,future,16,85.52
FP,future,17,85.52
FP,future,18,85.52
FP,future,19,85.52
FP,future,20,85.52
FP,future,21,85.52
FP,future,22,85.52
FP,future,23,85.52
FP,future,24,85.52
FP,future,25,85.52
FP,future,26,85.52
FP,future,27,85.52
FP,future,28,85.52
FP,future,29,85.52
FP,future,30,85.52
FP,future,31,85.52
FP,future,32,85.52
FP,future,33,85.52
FP,future,34,85.52
FP,future,35,85.52
FP,future,36,85.52
FP,future,37,85.52
FP,future,38,85.52
FP,future,39,85.52
FP,future,40,85.52
FP,future,41,85.52
FP,future,42,85.52
FP,pressures,1,
FP,pressures,2,
FP,pressures,3,
FP,pressures,4,
FP,pressures,5,
FP,pressures,6,
FP,pressures,7,
FP,pressures,8,
FP,pressures,9,
FP,pressures,10,
FP,pressures,11,
FP,pressures,12,
FP,pressures,13,
FP,pressures,14,
FP,pressures,15,
FP,pressures,16,
FP,pressures,17,
FP,pressures,18,
FP,pressures,19,
FP,pressures,20,
FP,pressures,21,
FP,pressures,22,
FP,pressures,23,
FP,pressures,24,
FP,pressures,25,
FP,pressures,26,
FP,pressures,27,
FP,pressures,28,
FP,pressures,29,
FP,pressures,30,
FP,pressures,31,
FP,pressures,32,
FP,pressures,33,
FP,pressures,34,
FP,pressures,35,
FP,pressures,36,
FP,pressures,37,
FP,pressures,38,
FP,pressures,39,
FP,pressures,40,
FP,pressures,41,
FP,pressures,42,
FP,resilience,1,
FP,resilience,2,
FP,resilience,3,
FP,resilience,4,
FP,resilience,5,
FP,resilience,6,
FP,resilience,7,
FP,resilience,8,
FP,resilience,9,
FP,resilience,10,
FP,resilience,11,
FP,resilience,12,
FP,resilience,13,
FP,resilience,14,
FP,resilience,15,
FP,resilience,16,
FP,resilience,17,
FP,resilience,18,
FP,resilience,19,
FP,resilience,20,
FP,resilience,21,
FP,resilience,22,
FP,resilience,23,
FP,resilience,24,
FP,resilience,25,
FP,resilience,26,
FP,resilience,27,
FP,resilience,28,
FP,resilience,29,
FP,resilience,30,
FP,resilience,31,
FP,resilience,32,
FP,resilience,33,
FP,resilience,34,
FP,resilience,35,
FP,resilience,36,
FP,resilience,37,
FP,resilience,38,
FP,resilience,39,
FP,resilience,40,
FP,resilience,41,
FP,resilience,42,
FP,score,0,77.85
FP,score,1,77.85
FP,score,2,77.85
FP,score,3,77.85
FP,score,4,77.85
FP,score,5,77.85
FP,score,6,77.85
FP,score,7,77.85
FP,score,8,77.85
FP,score,9,77.85
FP,score,10,77.85
FP,score,11,77.85
FP,score,12,77.85
FP,score,13,77.85
FP,score,14,77.85
FP,score,15,77.85
FP,score,16,77.85
FP,score,17,77.85
FP,score,18,77.85
FP,score,19,77.85
FP,score,20,77.85
FP,score,21,77.85
FP,score,22,77.85
FP,score,23,77.85
FP,score,24,77.85
FP,score,25,77.85
FP,score,26,77.85
FP,score,27,77.85
FP,score,28,77.85
FP,score,29,77.85
FP,score,30,77.85
FP,score,31,77.85
FP,score,32,77.85
FP,score,33,77.85
FP,score,34,77.85
FP,score,35,77.85
FP,score,36,77.85
FP,score,37,77.85
FP,score,38,77.85
FP,score,39,77.85
FP,score,40,77.85
FP,score,41,77.85
FP,score,42,77.85
FP,status,0,70.19
FP,status,1,70.19
FP,status,2,70.19
FP,status,3,70.19
FP,status,4,70.19
FP,status,5,70.19
FP,status,6,70.19
FP,status,7,70.19
FP,status,8,70.19
FP,status,9,70.19
FP,status,10,70.19
FP,status,11,70.19
FP,status,12,70.19
FP,status,13,70.19
FP,status,14,70.19
FP,status,15,70.19
FP,status,16,70.19
FP,status,17,70.19
FP,status,18,70.19
FP,status,19,70.19
FP,status,20,70.19
FP,status,21,70.19
FP,status,22,70.19
FP,status,23,70.19
FP,status,24,70.19
FP,status,25,70.19
FP,status,26,70.19
FP,status,27,70.19
FP,status,28,70.19
FP,status,29,70.19
FP,status,30,70.19
FP,status,31,70.19
FP,status,32,70.19
FP,status,33,70.19
FP,status,34,70.19
FP,status,35,70.19
FP,status,36,70.19
FP,status,37,70.19
FP,status,38,70.19
FP,status,39,70.19
FP,status,40,70.19
FP,status,41,70.19
FP,status,42,70.19
FP,trend,1,0.05
FP,trend,2,0.05
FP,trend,3,0.05
FP,trend,4,0.05
FP,trend,5,0.05
FP,trend,6,0.05
FP,trend,7,0.05
FP,trend,8,0.05
FP,trend,9,0.05
FP,trend,10,0.05
FP,trend,11,0.05
FP,trend,12,0.05
FP,trend,13,0.05
FP,trend,14,0.05
FP,trend,15,0.05
FP,trend,16,0.05
FP,trend,17,0.05
FP,trend,18,0.05
FP,trend,19,0.05
FP,trend,20,0.05
FP,trend,21,0.05
FP,trend,22,0.05
FP,trend,23,0.05
FP,trend,24,0.05
FP,trend,25,0.05
FP,trend,26,0.05
FP,trend,27,0.05
FP,trend,28,0.05
FP,trend,29,0.05
FP,trend,30,0.05
FP,trend,31,0.05
FP,trend,32,0.05
FP,trend,33,0.05
FP,trend,34,0.05
FP,trend,35,0.05
FP,trend,36,0.05
FP,trend,37,0.05
FP,trend,38,0.05
FP,trend,39,0.05
FP,trend,40,0.05
FP,trend,41,0.05
FP,trend,42,0.05
HAB,future,0,90.92
HAB,future,1,90.92
HAB,future,2,90.92
HAB,future,3,90.92
HAB,future,4,90.92
HAB,future,5,90.92
HAB,future,6,90.92
HAB,future,7,90.92
HAB,future,8,90.92
HAB,future,9,90.92
HAB,future,10,90.92
HAB,future,11,90.92
HAB,future,12,90.92
HAB,future,13,90.92
HAB,future,14,90.92
HAB,future,15,90.92
HAB,future,16,90.92
HAB,future,17,90.92
HAB,future,18,90.92
HAB,future,19,90.92
HAB,future,20,90.92
HAB,future,21,90.92
HAB,future,22,90.92
HAB,future,23,90.92
HAB,future,24,90.92
HAB,future,25,90.92
HAB,future,26,90.92
HAB,future,27,90.92
HAB,future,28,90.92
HAB,future,29,90.92
HAB,future,30,90.92
HAB,future,31,90.92
HAB,future,32,90.92
HAB,future,33,90.92
HAB,future,34,90.92
HAB,future,35,90.92
HAB,future,36,90.92
HAB,future,37,90.92
HAB,future,38,90.92
HAB,future,39,90.92
HAB,future,40,90.92
HAB,future,41,90.92
HAB,future,42,90.92
HAB,pressures,1,29.11
HAB,pressures,2,29.11
HAB,pressures,3,29.11
HAB,pressures,4,29.11
HAB,pressures,5,29.11
HAB,pressures,6,29.11
HAB,pressures,7,29.11
HAB,pressures,8,29.11
HAB,pressures,9,29.11
HAB,pressures,10,29.11
HAB,pressures,11,29.11
HAB,pressures,12,29.11
HAB,pressures,13,29.11
HAB,pressures,14,29.11
HAB,pressures,15,29.11
HAB,pressures,16,29.11
HAB,pressures,17,29.11
HAB,pressures,18,29.11
HAB,pressures,19,29.11
HAB,pressures,20,29.11
HAB,pressures,21,29.11
HAB,pressures,22,29.11
HAB,pressures,23,29.11
HAB,pressures,24,29.11
HAB,pressures,25,29.11
HAB,pressures,26,29.11
HAB,pressures,27,29.11
HAB,pressures,28,29.11
HAB,pressures,29,29.11
HAB,pressures,30,29.11
HAB,pressures,31,29.11
HAB,pressures,32,29.11
HAB,pressures,33,29.11
HAB,pressures,34,29.11
HAB,pressures,35,29.11
HAB,pressures,36,29.11
HAB,pressures,37,29.11
HAB,pressures,38,29.11
HAB,pressures,39,29.11
HAB,pressures,40,29.11
HAB,pressures,41,29.11
HAB,pressures,42,29.11
HAB,resilience,1,84.31
HAB,resilience,2,84.31
HAB,resilience,3,84.31
HAB,resilience,4,84.31
HAB,resilience,5,84.31
HAB,resilience,6,84.31
HAB,resilience,7,84.31
HAB,resilience,8,84.31
HAB,resilience,9,84.31
HAB,resilience,10,84.31
HAB,resilience,11,84.31
HAB,resilience,12,84.31
HAB,resilience,13,84.31
HAB,resilience,14,84.31
HAB,resilience,15,84.31
HAB,resilience,16,84.31
HAB,resilience,17,84.31
HAB,resilience,18,84.31
HAB,resilience,19,84.31
HAB,resilience,20,84.31
HAB,resilience,21,84.31
HAB,resilience,22,84.31
HAB,resilience,23,84.31
HAB,resilience,24,84.31
HAB,resilience,25,84.31
HAB,resilience,26,84.31
HAB,resilience,27,84.31
HAB,resilience,28,84.31
HAB,resilience,29,84.31
HAB,resilience,30,84.31
HAB,resilience,31,84.31
HAB,resilience,32,84.31
HAB,resilience,33,84.31
HAB,resilience,34,84.31
HAB,resilience,35,84.31
HAB,resilience,36,84.31
HAB,resilience,37,84.31
HAB,resilience,38,84.31
HAB,resilience,39,84.31
HAB,resilience,40,84.31
HAB,resilience,41,84.31
HAB,resilience,42,84.31
HAB,score,0,86.9
HAB,score,1,86.9
HAB,score,2,86.9
HAB,score,3,86.9
HAB,score,4,86.9
HAB,score,5,86.9
HAB,score,6,86.9
HAB,score,7,86.9
HAB,score,8,86.9
HAB,score,9,86.9
HAB,score,10,86.9
HAB,score,11,86.9
HAB,score,12,86.9
HAB,score,13,86.9
HAB,score,14,86.9
HAB,score,15,86.9
HAB,score,16,86.9
HAB,score,17,86.9
HAB,score,18,86.9
HAB,score,19,86.9
HAB,score,20,86.9
HAB,score,21,86.9
HAB,score,22,86.9
HAB,score,23,86.9
HAB,score,24,86.9
HAB,score,25,86.9
HAB,score,26,86.9
HAB,score,27,86.9
HAB,score,28,86.9
HAB,score,29,86.9
HAB,score,30,86.9
HAB,score,31,86.9
HAB,score,32,86.9
HAB,score,33,86.9
HAB,score,34,86.9
HAB,score,35,86.9
HAB,score,36,86.9
HAB,score,37,86.9
HAB,score,38,86.9
HAB,score,39,86.9
HAB,score,40,86.9
HAB,score,41,86.9
HAB,score,42,86.9
HAB,status,0,82.88
HAB,status,1,82.88
HAB,status,2,82.88
HAB,status,3,82.88
HAB,status,4,82.88
HAB,status,5,82.88
HAB,status,6,82.88
HAB,status,7,82.88
HAB,status,8,82.88
HAB,status,9,82.88
HAB,status,10,82.88
HAB,status,11,82.88
HAB,status,12,82.88
HAB,status,13,82.88
HAB,status,14,82.88
HAB,status,15,82.88
HAB,status,16,82.88
HAB,status,17,82.88
HAB,status,18,82.88
HAB,status,19,82.88
HAB,status,20,82.88
HAB,status,21,82.88
HAB,status,22,82.88
HAB,status,23,82.88
HAB,status,24,82.88
HAB,status,25,82.88
HAB,status,26,82.88
HAB,status,27,82.88
HAB,status,28,82.88
HAB,status,29,82.88
HAB,status,30,82.88
HAB,status,31,82.88
HAB,status,32,82.88
HAB,status,33,82.88
HAB,status,34,82.88
HAB,status,35,82.88
HAB,status,36,82.88
HAB,status,37,82.88
HAB,status,38,82.88
HAB,status,39,82.88
HAB,status,40,82.88
HAB,status,41,82.88
HAB,status,42,82.88
HAB,trend,1,-0.13
HAB,trend,2,-0.13
HAB,trend,3,-0.13
HAB,trend,4,-0.13
HAB,trend,5,-0.13
HAB,trend,6,-0.13
HAB,trend,7,-0.13
HAB,trend,8,-0.13
HAB,trend,9,-0.13
HAB,trend,10,-0.13
HAB,trend,11,-0.13
HAB,trend,12,-0.13
HAB,trend,13,-0.13
HAB,trend,14,-0.13
HAB,trend,15,-0.13
HAB,trend,16,-0.13
HAB,trend,17,-0.13
HAB,trend,18,-0.13
HAB,trend,19,-0.13
HAB,trend,20,-0.13
HAB,trend,21,-0.13
HAB,trend,22,-0.13
HAB,trend,23,-0.13
HAB,trend,24,-0.13
HAB,trend,25,-0.13
HAB,trend,26,-0.13
HAB,trend,27,-0.13
HAB,trend,28,-0.13
HAB,trend,29,-0.13
HAB,trend,30,-0.13
HAB,trend,31,-0.13
HAB,trend,32,-0.13
HAB,trend,33,-0.13
HAB,trend,34,-0.13
HAB,trend,35,-0.13
HAB,trend,36,-0.13
HAB,trend,37,-0.13
HAB,trend,38,-0.13
HAB,trend,39,-0.13
HAB,trend,40,-0.13
HAB,trend,41,-0.13
HAB,trend,42,-0.13
ICO,future,0,96.16
ICO,future,1,96.16
ICO,future,2,96.16
ICO,future,3,96.16
ICO,future,4,96.16
ICO,future,5,96.16
ICO,future,6,96.16
ICO,future,7,96.16
ICO,future,8,96.16
ICO,future,9,96.16
ICO,future,10,96.16
ICO,future,11,96.16
ICO,future,12,96.16
ICO,future,13,96.16
ICO,future,14,96.16
ICO,future,15,96.16
ICO,future,16,96.16
ICO,future,17,96.16
ICO,future,18,96.16
ICO,future,19,96.16
ICO,future,20,96.16
ICO,future,21,96.16
ICO,future,22,96.16
ICO,future,23,96.16
ICO,future,24,96.16
ICO,future,25,96.16
ICO,future,26,96.16
ICO,future,27,96.16
ICO,future,28,96.16
ICO,future,29,96.16
ICO,future,30,96.16
ICO,future,31,96.16
ICO,future,32,96.16
ICO,future,33,96.16
ICO,future,34,96.16
ICO,future,35,96.16
ICO,future,36,96.16
ICO,future,37,96.16
ICO,future,38,96.16
ICO,future,39,96.16
ICO,future,40,96.16
ICO,future,41,96.16
ICO,future,42,96.16
ICO,pressures,1,29.8
ICO,pressures,2,29.8
ICO,pressures,3,29.8
ICO,pressures,4,29.8
ICO,pressures,5,29.8
ICO,pressures,6,29.8
ICO,pressures,7,29.8
ICO,pressures,8,29.8
ICO,pressures,9,29.8
ICO,pressures,10,29.8
ICO,pressures,11,29.8
ICO,pressures,12,29.8
ICO,pressures,13,29.8
ICO,pressures,14,29.8
ICO,pressures,15,29.8
ICO,pressures,16,29.8
ICO,pressures,17,29.8
ICO,pressures,18,29.8
ICO,pressures,19,29.8
ICO,pressures,20,29.8
ICO,pressures,21,29.8
ICO,pressures,22,29.8
ICO,pressures,23,29.8
ICO,pressures,24,29.8
ICO,pressures,25,29.8
ICO,pressures,26,29.8
ICO,pressures,27,29.8
ICO,pressures,28,29.8
ICO,pressures,29,29.8
ICO,pressures,30,29.8
ICO,pressures,31,29.8
ICO,pressures,32,29.8
ICO,pressures,33,29.8
ICO,pressures,34,29.8
ICO,pressures,35,29.8
ICO,pressures,36,29.8
ICO,pressures,37,29.8
ICO,pressures,38,29.8
ICO,pressures,39,29.8
ICO,pressures,40,29.8
ICO,pressures,41,29.8
ICO,pressures,42,29.8
ICO,resilience,1,82.29
ICO,resilience,2,82.29
ICO,resilience,3,82.29
ICO,resilience,4,82.29
ICO,resilience,5,82.29
ICO,resilience,6,82.29
ICO,resilience,7,82.29
ICO,resilience,8,82.29
ICO,resilience,9,82.29
ICO,resilience,10,82.29
ICO,resilience,11,82.29
ICO,resilience,12,82.29
ICO,resilience,13,82.29
ICO,resilience,14,82.29
ICO,resilience,15,82.29
ICO,resilience,16,82.29
ICO,resilience,17,82.29
ICO,resilience,18,82.29
ICO,resilience,19,82.29
ICO,resilience,20,82.29
ICO,resilience,21,82.29
ICO,resilience,22,82.29
ICO,resilience,23,82.29
ICO,resilience,24,82.29
ICO,resilience,25,82.29
ICO,resilience,26,82.29
ICO,resilience,27,82.29
ICO,resilience,28,82.29
ICO,resilience,29,82.29
ICO,resilience,30,82.29
ICO,resilience,31,82.29
ICO,resilience,32,82.29
ICO,resilience,33,82.29
ICO,resilience,34,82.29
ICO,resilience,35,82.29
ICO,resilience,36,82.29
ICO,resilience,37,82.29
ICO,resilience,38,82.29
ICO,resilience,39,82.29
ICO,resilience,40,82.29
ICO,resilience,41,82.29
ICO,resilience,42,82.29
ICO,score,0,89.26
ICO,score,1,89.26
ICO,score,2,89.26
ICO,score,3,89.26
ICO,score,4,89.26
ICO,score,5,89.26
ICO,score,6,89.26
ICO,score,7,89.26
ICO,score,8,89.26
ICO,score,9,89.26
ICO,score,10,89.26
ICO,score,11,89.26
ICO,score,12,89.26
ICO,score,13,89.26
ICO,score,14,89.26
ICO,score,15,89.26
ICO,score,16,89.26
ICO,score,17,89.26
ICO,score,18,89.26
ICO,score,19,89.26
ICO,score,20,89.26
ICO,score,21,89.26
ICO,score,22,89.26
ICO,score,23,89.26
ICO,score,24,89.26
ICO,score,25,89.26
ICO,score,26,89.26
ICO,score,27,89.26
ICO,score,28,89.26
ICO,score,29,89.26
ICO,score,30,89.26
ICO,score,31,89.26
ICO,score,32,89.26
ICO,score,33,89.26
ICO,score,34,89.26
ICO,score,35,89.26
ICO,score,36,89.26
ICO,score,37,89.26
ICO,score,38,89.26
ICO,score,39,89.26
ICO,score,40,89.26
ICO,score,41,89.26
ICO,score,42,89.26
ICO,status,0,82.35
ICO,status,1,82.35
ICO,status,2,82.35
ICO,status,3,82.35
ICO,status,4,82.35
ICO,status,5,82.35
ICO,status,6,82.35
ICO,status,7,82.35
ICO,status,8,82.35
ICO,status,9,82.35
ICO,status,10,82.35
ICO,status,11,82.35
ICO,status,12,82.35
ICO,status,13,82.35
ICO,status,14,82.35
ICO,status,15,82.35
ICO,status,16,82.35
ICO,status,17,82.35
ICO,status,18,82.35
ICO,status,19,82.35
ICO,status,20,82.35
ICO,status,21,82.35
ICO,status,22,82.35
ICO,status,23,82.35
ICO,status,24,82.35
ICO,status,25,82.35
ICO,status,26,82.35
ICO,status,27,82.35
ICO,status,28,82.35
ICO,status,29,82.35
ICO,status,30,82.35
ICO,status,31,82.35
ICO,status,32,82.35
ICO,status,33,82.35
ICO,status,34,82.35
ICO,status,35,82.35
ICO,status,36,82.35
ICO,status,37,82.35
ICO,status,38,82.35
ICO,status,39,82.35
ICO,status,40,82.35
ICO,status,41,82.35
ICO,status,42,82.35
ICO,trend,1,-0.01
ICO,trend,2,-0.01
ICO,trend,3,-0.01
ICO,trend,4,-0.01
ICO,trend,5,-0.01
ICO,trend,6,-0.01
ICO,trend,7,-0.01
ICO,trend,8,-0.01
ICO,trend,9,-0.01
ICO,trend,10,-0.01
ICO,trend,11,-0.01
ICO,trend,12,-0.01
ICO,trend,13,-0.01
ICO,trend,14,-0.01
ICO,trend,15,-0.01
ICO,trend,16,-0.01
ICO,trend,17,-0.01
ICO,trend,18,-0.01
ICO,trend,19,-0.01
ICO,trend,20,-0.01
ICO,trend,21,-0.01
ICO,trend,22,-0.01
ICO,trend,23,-0.01
ICO,trend,24,-0.01
ICO,trend,25,-0.01
ICO,trend,26,-0.01
ICO,trend,27,-0.01
ICO,trend,28,-0.01
ICO,trend,29,-0.01
ICO,trend,30,-0.01
ICO,trend,31,-0.01
ICO,trend,32,-0.01
ICO,trend,33,-0.01
ICO,trend,34,-0.01
ICO,trend,35,-0.01
ICO,trend,36,-0.01
ICO,trend,37,-0.01
ICO,trend,38,-0.01
ICO,trend,39,-0.01
ICO,trend,40,-0.01
ICO,trend,41,-0.01
ICO,trend,42,-0.01
Index,future,0,73.97
Index,future,1,73.97
Index,future,2,73.97
Index,future,3,73.97
Index,future,4,73.97
Index,future,5,73.97
Index,future,6,73.97
Index,future,7,73.97
Index,future,8,73.97
Index,future,9,73.97
Index,future,10,73.97
Index,future,11,73.97
Index,future,12,73.97
Index,future,13,73.97
Index,future,14,73.97
Index,future,15,73.97
Index,future,16,73.97
Index,future,17,73.97
Index,future,18,73.97
Index,future,19,73.97
Index,future,20,73.97
Index,future,21,73.97
Index,future,22,73.97
Index,future,23,73.97
Index,future,24,73.97
Index,future,25,73.97
Index,future,26,73.97
Index,future,27,73.97
Index,future,28,73.97
Index,future,29,73.97
Index,future,30,73.97
Index,future,31,73.97
Index,future,32,73.97
Index,future,33,73.97
Index,future,34,73.97
Index,future,35,73.97
Index,future,36,73.97
Index,future,37,73.97
Index,future,38,73.97
Index,future,39,73.97
Index,future,40,73.97
Index,future,41,73.97
Index,future,42,73.97
Index,score,0,71.72
Index,score,1,71.72
Index,score,2,71.72
Index,score,3,71.72
Index,score,4,71.72
Index,score,5,71.72
Index,score,6,71.72
Index,score,7,71.72
Index,score,8,71.72
Index,score,9,71.72
Index,score,10,71.72
Index,score,11,71.72
Index,score,12,71.72
Index,score,13,71.72
Index,score,14,71.72
Index,score,15,71.72
Index,score,16,71.72
Index,score,17,71.72
Index,score,18,71.72
Index,score,19,71.72
Index,score,20,71.72
Index,score,21,71.72
Index,score,22,71.72
Index,score,23,71.72
Index,score,24,71.72
Index,score,25,71.72
Index,score,26,71.72
Index,score,27,71.72
Index,score,28,71.72
Index,score,29,71.72
Index,score,30,71.72
Index,score,31,71.72
Index,score,32,71.72
Index,score,33,71.72
Index,score,34,71.72
Index,score,35,71.72
Index,score,36,71.72
Index,score,37,71.72
Index,score,38,71.72
Index,score,39,71.72
Index,score,40,71.72
Index,score,41,71.72
Index,score,42,71.72
LE,future,0,100
LE,future,1,100
LE,future,2,100
LE,future,3,100
LE,future,4,100
LE,future,5,100
LE,future,6,100
LE,future,7,100
LE,future,8,100
LE,future,9,100
LE,future,10,100
LE,future,11,100
LE,future,12,100
LE,future,13,100
LE,future,14,100
LE,future,15,100
LE,future,16,100
LE,future,17,100
LE,future,18,100
LE,future,19,100
LE,future,20,100
LE,future,21,100
LE,future,22,100
LE,future,23,100
LE,future,24,100
LE,future,25,100
LE,future,26,100
LE,future,27,100
LE,future,28,100
LE,future,29,100
LE,future,30,100
LE,future,31,100
LE,future,32,100
LE,future,33,100
LE,future,34,100
LE,future,35,100
LE,future,36,100
LE,future,37,100
LE,future,38,100
LE,future,39,100
LE,future,40,100
LE,future,41,100
LE,future,42,100
LE,pressures,1,
LE,pressures,2,
LE,pressures,3,
LE,pressures,4,
LE,pressures,5,
LE,pressures,6,
LE,pressures,7,
LE,pressures,8,
LE,pressures,9,
LE,pressures,10,
LE,pressures,11,
LE,pressures,12,
LE,pressures,13,
LE,pressures,14,
LE,pressures,15,
LE,pressures,16,
LE,pressures,17,
LE,pressures,18,
LE,pressures,19,
LE,pressures,20,
LE,pressures,21,
LE,pressures,22,
LE,pressures,23,
LE,pressures,24,
LE,pressures,25,
LE,pressures,26,
LE,pressures,27,
LE,pressures,28,
LE,pressures,29,
LE,pressures,30,
LE,pressures,31,
LE,pressures,32,
LE,pressures,33,
LE,pressures,34,
LE,pressures,35,
LE,pressures,36,
LE,pressures,37,
LE,pressures,38,
LE,pressures,39,
LE,pressures,40,
LE,pressures,41,
LE,pressures,42,
LE,resilience,1,
LE,resilience,2,
LE,resilience,3,
LE,resilience,4,
LE,resilience,5,
LE,resilience,6,
LE,resilience,7,
LE,resilience,8,
LE,resilience,9,
LE,resilience,10,
LE,resilience,11,
LE,resilience,12,
LE,resilience,13,
LE,resilience,14,
LE,resilience,15,
LE,resilience,16,
LE,resilience,17,
LE,resilience,18,
LE,resilience,19,
LE,resilience,20,
LE,resilience,21,
LE,resilience,22,
LE,resilience,23,
LE,resilience,24,
LE,resilience,25,
LE,resilience,26,
LE,resilience,27,
LE,resilience,28,
LE,resilience,29,
LE,resilience,30,
LE,resilience,31,
LE,resilience,32,
LE,resilience,33,
LE,resilience,34,
LE,resilience,35,
LE,resilience,36,
LE,resilience,37,
LE,resilience,38,
LE,resilience,39,
LE,resilience,40,
LE,resilience,41,
LE,resilience,42,
LE,score,0,100
LE,score,1,100
LE,score,2,100
LE,score,3,100
LE,score,4,100
LE,score,5,100
LE,score,6,100
LE,score,7,100
LE,score,8,100
LE,score,9,100
LE,score,10,100
LE,score,11,100
LE,score,12,100
LE,score,13,100
LE,score,14,100
LE,score,15,100
LE,score,16,100
LE,score,17,100
LE,score,18,100
LE,score,19,100
LE,score,20,100
LE,score,21,100
LE,score,22,100
LE,score,23,100
LE,score,24,100
LE,score,25,100
LE,score,26,100
LE,score,27,100
LE,score,28,100
LE,score,29,100
LE,score,30,100
LE,score,31,100
LE,score,32,100
LE,score,33,100
LE,score,34,100
LE,score,35,100
LE,score,36,100
LE,score,37,100
LE,score,38,100
LE,score,39,100
LE,score,40,100
LE,score,41,100
LE,score,42,100
LE,status,0,100
LE,status,1,100
LE,status,2,100
LE,status,3,100
LE,status,4,100
LE,status,5,100
LE,status,6,100
LE,status,7,100
LE,status,8,100
LE,status,9,100
LE,status,10,100
LE,status,11,100
LE,status,12,100
LE,status,13,100
LE,status,14,100
LE,status,15,100
LE,status,16,100
LE,status,17,100
LE,status,18,100
LE,status,19,100
LE,status,20,100
LE,status,21,100
LE,status,22,100
LE,status,23,100
LE,status,24,100
LE,status,25,100
LE,status,26,100
LE,status,27,100
LE,status,28,100
LE,status,29,100
LE,status,30,100
LE,status,31,100
LE,status,32,100
LE,status,33,100
LE,status,34,100
LE,status,35,100
LE,status,36,100
LE,status,37,100
LE,status,38,100
LE,status,39,100
LE,status,40,100
LE,status,41,100
LE,status,42,100
LE,trend,1,0.51
LE,trend,2,0.51
LE,trend,3,0.51
LE,trend,4,0.51
LE,trend,5,0.51
LE,trend,6,0.51
LE,trend,7,0.51
LE,trend,8,0.51
LE,trend,9,0.51
LE,trend,10,0.51
LE,trend,11,0.51
LE,trend,12,0.51
LE,trend,13,0.51
LE,trend,14,0.51
LE,trend,15,0.51
LE,trend,16,0.51
LE,trend,17,0.51
LE,trend,18,0.51
LE,trend,19,0.51
LE,trend,20,0.51
LE,trend,21,0.51
LE,trend,22,0.51
LE,trend,23,0.51
LE,trend,24,0.51
LE,trend,25,0.51
LE,trend,26,0.51
LE,trend,27,0.51
LE,trend,28,0.51
LE,trend,29,0.51
LE,trend,30,0.51
LE,trend,31,0.51
LE,trend,32,0.51
LE,trend,33,0.51
LE,trend,34,0.51
LE,trend,35,0.51
LE,trend,36,0.51
LE,trend,37,0.51
LE,trend,38,0.51
LE,trend,39,0.51
LE,trend,40,0.51
LE,trend,41,0.51
LE,trend,42,0.51
LIV,future,0,100
LIV,future,1,100
LIV,future,2,100
LIV,future,3,100
LIV,future,4,100
LIV,future,5,100
LIV,future,6,100
LIV,future,7,100
LIV,future,8,100
LIV,future,9,100
LIV,future,10,100
LIV,future,11,100
LIV,future,12,100
LIV,future,13,100
LIV,future,14,100
LIV,future,15,100
LIV,future,16,100
LIV,future,17,100
LIV,future,18,100
LIV,future,19,100
LIV,future,20,100
LIV,future,21,100
LIV,future,22,100
LIV,future,23,100
LIV,future,24,100
LIV,future,25,100
LIV,future,26,100
LIV,future,27,100
LIV,future,28,100
LIV,future,29,100
LIV,future,30,100
LIV,future,31,100
LIV,future,32,100
LIV,future,33,100
LIV,future,34,100
LIV,future,35,100
LIV,future,36,100
LIV,future,37,100
LIV,future,38,100
LIV,future,39,100
LIV,future,40,100
LIV,future,41,100
LIV,future,42,100
LIV,pressures,1,30.32
LIV,pressures,2,30.32
LIV,pressures,3,30.32
LIV,pressures,4,30.32
LIV,pressures,5,30.32
LIV,pressures,6,30.32
LIV,pressures,7,30.32
LIV,pressures,8,30.32
LIV,pressures,9,30.32
LIV,pressures,10,30.32
LIV,pressures,11,30.32
LIV,pressures,12,30.32
LIV,pressures,13,30.32
LIV,pressures,14,30.32
LIV,pressures,15,30.32
LIV,pressures,16,30.32
LIV,pressures,17,30.32
LIV,pressures,18,30.32
LIV,pressures,19,30.32
LIV,pressures,20,30.32
LIV,pressures,21,30.32
LIV,pressures,22,30.32
LIV,pressures,23,30.32
LIV,pressures,24,30.32
LIV,pressures,25,30.32
LIV,pressures,26,30.32
LIV,pressures,27,30.32
LIV,pressures,28,30.32
LIV,pressures,29,30.32
LIV,pressures,30,30.32
LIV,pressures,31,30.32
LIV,pressures,32,30.32
LIV,pressures,33,30.32
LIV,pressures,34,30.32
LIV,pressures,35,30.32
LIV,pressures,36,30.32
LIV,pressures,37,30.32
LIV,pressures,38,30.32
LIV,pressures,39,30.32
LIV,pressures,40,30.32
LIV,pressures,41,30.32
LIV,pressures,42,30.32
LIV,resilience,1,67.27
LIV,resilience,2,67.27
LIV,resilience,3,67.27
LIV,resilience,4,67.27
LIV,resilience,5,67.27
LIV,resilience,6,67.27
LIV,resilience,7,67.27
LIV,resilience,8,67.27
LIV,resilience,9,67.27
LIV,resilience,10,67.27
LIV,resilience,11,67.27
LIV,resilience,12,67.27
LIV,resilience,13,67.27
LIV,resilience,14,67.27
LIV,resilience,15,67.27
LIV,resilience,16,67.27
LIV,resilience,17,67.27
LIV,resilience,18,67.27
LIV,resilience,19,67.27
LIV,resilience,20,67.27
LIV,resilience,21,67.27
LIV,resilience,22,67.27
LIV,resilience,23,67.27
LIV,resilience,24,67.27
LIV,resilience,25,67.27
LIV,resilience,26,67.27
LIV,resilience,27,67.27
LIV,resilience,28,67.27
LIV,resilience,29,67.27
LIV,resilience,30,67.27
LIV,resilience,31,67.27
LIV,resilience,32,67.27
LIV,resilience,33,67.27
LIV,resilience,34,67.27
LIV,resilience,35,67.27
LIV,resilience,36,67.27
LIV,resilience,37,67.27
LIV,resilience,38,67.27
LIV,resilience,39,67.27
LIV,resilience,40,67.27
LIV,resilience,41,67.27
LIV,resilience,42,67.27
LIV,score,0,100
LIV,score,1,100
LIV,score,2,100
LIV,score,3,100
LIV,score,4,100
LIV,score,5,100
LIV,score,6,100
LIV,score,7,100
LIV,score,8,100
LIV,score,9,100
LIV,score,10,100
LIV,score,11,100
LIV,score,12,100
LIV,score,13,100
LIV,score,14,100
LIV,score,15,100
LIV,score,16,100
LIV,score,17,100
LIV,score,18,100
LIV,score,19,100
LIV,score,20,100
LIV,score,21,100
LIV,score,22,100
LIV,score,23,100
LIV,score,24,100
LIV,score,25,100
LIV,score,26,100
LIV,score,27,100
LIV,score,28,100
LIV,score,29,100
LIV,score,30,100
LIV,score,31,100
LIV,score,32,100
LIV,score,33,100
LIV,score,34,100
LIV,score,35,100
LIV,score,36,100
LIV,score,37,100
LIV,score,38,100
LIV,score,39,100
LIV,score,40,100
LIV,score,41,100
LIV,score,42,100
LIV,status,0,100
LIV,status,1,100
LIV,status,2,100
LIV,status,3,100
LIV,status,4,100
LIV,status,5,100
LIV,status,6,100
LIV,status,7,100
LIV,status,8,100
LIV,status,9,100
LIV,status,10,100
LIV,status,11,100
LIV,status,12,100
LIV,status,13,100
LIV,status,14,100
LIV,status,15,100
LIV,status,16,100
LIV,status,17,100
LIV,status,18,100
LIV,status,19,100
LIV,status,20,100
LIV,status,21,100
LIV,status,22,100
LIV,status,23,100
LIV,status,24,100
LIV,status,25,100
LIV,status,26,100
LIV,status,27,100
LIV,status,28,100
LIV,status,29,100
LIV,status,30,100
LIV,status,31,100
LIV,status,32,100
LIV,status,33,100
LIV,status,34,100
LIV,status,35,100
LIV,status,36,100
LIV,status,37,100
LIV,status,38,100
LIV,status,39,100
LIV,status,40,100
LIV,status,41,100
LIV,status,42,100
LIV,trend,1,0.94
LIV,trend,2,0.94
LIV,trend,3,0.94
LIV,trend,4,0.94
LIV,trend,5,0.94
LIV,trend,6,0.94
LIV,trend,7,0.94
LIV,trend,8,0.94
LIV,trend,9,0.94
LIV,trend,10,0.94
LIV,trend,11,0.94
LIV,trend,12,0.94
LIV,trend,13,0.94
LIV,trend,14,0.94
LIV,trend,15,0.94
LIV,trend,16,0.94
LIV,trend,17,0.94
LIV,trend,18,0.94
LIV,trend,19,0.94
LIV,trend,20,0.94
LIV,trend,21,0.94
LIV,trend,22,0.94
LIV,trend,23,0.94
LIV,trend,24,0.94
LIV,trend,25,0.94
LIV,trend,26,0.94
LIV,trend,27,0.94
LIV,trend,28,0.94
LIV,trend,29,0.94
LIV,trend,30,0.94
LIV,trend,31,0.94
LIV,trend,32,0.94
LIV,trend,33,0.94
LIV,trend,34,0.94
LIV,trend,35,0.94
LIV,trend,36,0.94
LIV,trend,37,0.94
LIV,trend,38,0.94
LIV,trend,39,0.94
LIV,trend,40,0.94
LIV,trend,41,0.94
LIV,trend,42,0.94
LSP,future,0,91.41
LSP,future,1,91.41
LSP,future,2,91.41
LSP,future,3,91.41
LSP,future,4,91.41
LSP,future,5,91.41
LSP,future,6,91.41
LSP,future,7,91.41
LSP,future,8,91.41
LSP,future,9,91.41
LSP,future,10,91.41
LSP,future,11,91.41
LSP,future,12,91.41
LSP,future,13,91.41
LSP,future,14,91.41
LSP,future,15,91.41
LSP,future,16,91.41
LSP,future,17,91.41
LSP,future,18,91.41
LSP,future,19,91.41
LSP,future,20,91.41
LSP,future,21,91.41
LSP,future,22,91.41
LSP,future,23,91.41
LSP,future,24,91.41
LSP,future,25,91.41
LSP,future,26,91.41
LSP,future,27,91.41
LSP,future,28,91.41
LSP,future,29,91.41
LSP,future,30,91.41
LSP,future,31,91.41
LSP,future,32,91.41
LSP,future,33,91.41
LSP,future,34,91.41
LSP,future,35,91.41
LSP,future,36,91.41
LSP,future,37,91.41
LSP,future,38,91.41
LSP,future,39,91.41
LSP,future,40,91.41
LSP,future,41,91.41
LSP,future,42,91.41
LSP,pressures,1,34.67
LSP,pressures,2,34.67
LSP,pressures,3,34.67
LSP,pressures,4,34.67
LSP,pressures,5,34.67
LSP,pressures,6,34.67
LSP,pressures,7,34.67
LSP,pressures,8,34.67
LSP,pressures,9,34.67
LSP,pressures,10,34.67
LSP,pressures,11,34.67
LSP,pressures,12,34.67
LSP,pressures,13,34.67
LSP,pressures,14,34.67
LSP,pressures,15,34.67
LSP,pressures,16,34.67
LSP,pressures,17,34.67
LSP,pressures,18,34.67
LSP,pressures,19,34.67
LSP,pressures,20,34.67
LSP,pressures,21,34.67
LSP,pressures,22,34.67
LSP,pressures,23,34.67
LSP,pressures,24,34.67
LSP,pressures,25,34.67
LSP,pressures,26,34.67
LSP,pressures,27,34.67
LSP,pressures,28,34.67
LSP,pressures,29,34.67
LSP,pressures,30,34.67
LSP,pressures,31,34.67
LSP,pressures,32,34.67
LSP,pressures,33,34.67
LSP,pressures,34,34.67
LSP,pressures,35,34.67
LSP,pressures,36,34.67
LSP,pressures,37,34.67
LSP,pressures,38,34.67
LSP,pressures,39,34.67
LSP,pressures,40,34.67
LSP,pressures,41,34.67
LSP,pressures,42,34.67
LSP,resilience,1,91.13
LSP,resilience,2,91.13
LSP,resilience,3,91.13
LSP,resilience,4,91.13
LSP,resilience,5,91.13
LSP,resilience,6,91.13
LSP,resilience,7,91.13
LSP,resilience,8,91.13
LSP,resilience,9,91.13
LSP,resilience,10,91.13
LSP,resilience,11,91.13
LSP,resilience,12,91.13
LSP,resilience,13,91.13
LSP,resilience,14,91.13
LSP,resilience,15,91.13
LSP,resilience,16,91.13
LSP,resilience,17,91.13
LSP,resilience,18,91.13
LSP,resilience,19,91.13
LSP,resilience,20,91.13
LSP,resilience,21,91.13
LSP,resilience,22,91.13
LSP,resilience,23,91.13
LSP,resilience,24,91.13
LSP,resilience,25,91.13
LSP,resilience,26,91.13
LSP,resilience,27,91.13
LSP,resilience,28,91.13
LSP,resilience,29,91.13
LSP,resilience,30,91.13
LSP,resilience,31,91.13
LSP,resilience,32,91.13
LSP,resilience,33,91.13
LSP,resilience,34,91.13
LSP,resilience,35,91.13
LSP,resilience,36,91.13
LSP,resilience,37,91.13
LSP,resilience,38,91.13
LSP,resilience,39,91.13
LSP,resilience,40,91.13
LSP,resilience,41,91.13
LSP,resilience,42,91.13
LSP,score,0,83.03
LSP,score,1,83.03
LSP,score,2,83.03
LSP,score,3,83.03
LSP,score,4,83.03
LSP,score,5,83.03
LSP,score,6,83.03
LSP,score,7,83.03
LSP,score,8,83.03
LSP,score,9,83.03
LSP,score,10,83.03
LSP,score,11,83.03
LSP,score,12,83.03
LSP,score,13,83.03
LSP,score,14,83.03
LSP,score,15,83.03
LSP,score,16,83.03
LSP,score,17,83.03
LSP,score,18,83.03
LSP,score,19,83.03
LSP,score,20,83.03
LSP,score,21,83.03
LSP,score,22,83.03
LSP,score,23,83.03
LSP,score,24,83.03
LSP,score,25,83.03
LSP,score,26,83.03
LSP,score,27,83.03
LSP,score,28,83.03
LSP,score,29,83.03
LSP,score,30,83.03
LSP,score,31,83.03
LSP,score,32,83.03
LSP,score,33,83.03
LSP,score,34,83.03
LSP,score,35,83.03
LSP,score,36,83.03
LSP,score,37,83.03
LSP,score,38,83.03
LSP,score,39,83.03
LSP,score,40,83.03
LSP,score,41,83.03
LSP,score,42,83.03
LSP,status,0,74.64
LSP,status,1,74.64
LSP,status,2,74.64
LSP,status,3,74.64
LSP,status,4,74.64
LSP,status,5,74.64
LSP,status,6,74.64
LSP,status,7,74.64
LSP,status,8,74.64
LSP,status,9,74.64
LSP,status,10,74.64
LSP,status,11,74.64
LSP,status,12,74.64
LSP,status,13,74.64
LSP,status,14,74.64
LSP,status,15,74.64
LSP,status,16,74.64
LSP,status,17,74.64
LSP,status,18,74.64
LSP,status,19,74.64
LSP,status,20,74.64
LSP,status,21,74.64
LSP,status,22,74.64
LSP,status,23,74.64
LSP,status,24,74.64
LSP,status,25,74.64
LSP,status,26,74.64
LSP,status,27,74.64
LSP,status,28,74.64
LSP,status,29,74.64
LSP,status,30,74.64
LSP,status,31,74.64
LSP,status,32,74.64
LSP,status,33,74.64
LSP,status,34,74.64
LSP,status,35,74.64
LSP,status,36,74.64
LSP,status,37,74.64
LSP,status,38,74.64
LSP,status,39,74.64
LSP,status,40,74.64
LSP,status,41,74.64
LSP,status,42,74.64
LSP,trend,1,0.06
LSP,trend,2,0.06
LSP,trend,3,0.06
LSP,trend,4,0.06
LSP,trend,5,0.06
LSP,trend,6,0.06
LSP,trend,7,0.06
LSP,trend,8,0.06
LSP,trend,9,0.06
LSP,trend,10,0.06
LSP,trend,11,0.06
LSP,trend,12,0.06
LSP,trend,13,0.06
LSP,trend,14,0.06
LSP,trend,15,0.06
LSP,trend,16,0.06
LSP,trend,17,0.06
LSP,trend,18,0.06
LSP,trend,19,0.06
LSP,trend,20,0.06
LSP,trend,21,0.06
LSP,trend,22,0.06
LSP,trend,23,0.06
LSP,trend,24,0.06
LSP,trend,25,0.06
LSP,trend,26,0.06
LSP,trend,27,0.06
LSP,trend,28,0.06
LSP,trend,29,0.06
LSP,trend,30,0.06
LSP,trend,31,0.06
LSP,trend,32,0.06
LSP,trend,33,0.06
LSP,trend,34,0.06
LSP,trend,35,0.06
LSP,trend,36,0.06
LSP,trend,37,0.06
LSP,trend,38,0.06
LSP,trend,39,0.06
LSP,trend,40,0.06
LSP,trend,41,0.06
LSP,trend,42,0.06
MAR,future,0,100
MAR,future,1,100
MAR,future,2,100
MAR,future,3,100
MAR,future,4,100
MAR,future,5,100
MAR,future,6,100
MAR,future,7,100
MAR,future,8,100
MAR,future,9,100
MAR,future,10,100
MAR,future,11,100
MAR,future,12,100
MAR,future,13,100
MAR,future,14,100
MAR,future,15,100
MAR,future,16,100
MAR,future,17,100
MAR,future,18,100
MAR,future,19,100
MAR,future,20,100
MAR,future,21,100
MAR,future,22,100
MAR,future,23,100
MAR,future,24,100
MAR,future,25,100
MAR,future,26,100
MAR,future,27,100
MAR,future,28,100
MAR,future,29,100
MAR,future,30,100
MAR,future,31,100
MAR,future,32,100
MAR,future,33,100
MAR,future,34,100
MAR,future,35,100
MAR,future,36,100
MAR,future,37,100
MAR,future,38,100
MAR,future,39,100
MAR,future,40,100
MAR,future,41,100
MAR,future,42,100
MAR,pressures,1,25.53
MAR,pressures,2,25.53
MAR,pressures,3,25.53
MAR,pressures,4,25.53
MAR,pressures,5,25.53
MAR,pressures,6,25.53
MAR,pressures,7,25.53
MAR,pressures,8,25.53
MAR,pressures,9,25.53
MAR,pressures,10,25.53
MAR,pressures,11,25.53
MAR,pressures,12,25.53
MAR,pressures,13,25.53
MAR,pressures,14,25.53
MAR,pressures,15,25.53
MAR,pressures,16,25.53
MAR,pressures,17,25.53
MAR,pressures,18,25.53
MAR,pressures,19,25.53
MAR,pressures,20,25.53
MAR,pressures,21,25.53
MAR,pressures,22,25.53
MAR,pressures,23,25.53
MAR,pressures,24,25.53
MAR,pressures,25,25.53
MAR,pressures,26,25.53
MAR,pressures,27,25.53
MAR,pressures,28,25.53
MAR,pressures,29,25.53
MAR,pressures,30,25.53
MAR,pressures,31,25.53
MAR,pressures,32,25.53
MAR,pressures,33,25.53
MAR,pressures,34,25.53
MAR,pressures,35,25.53
MAR,pressures,36,25.53
MAR,pressures,37,25.53
MAR,pressures,38,25.53
MAR,pressures,39,25.53
MAR,pressures,40,25.53
MAR,pressures,41,25.53
MAR,pressures,42,25.53
MAR,resilience,1,88.82
MAR,resilience,2,88.82
MAR,resilience,3,88.82
MAR,resilience,4,88.82
MAR,resilience,5,88.82
MAR,resilience,6,88.82
MAR,resilience,7,88.82
MAR,resilience,8,88.82
MAR,resilience,9,88.82
MAR,resilience,10,88.82
MAR,resilience,11,88.82
MAR,resilience,12,88.82
MAR,resilience,13,88.82
MAR,resilience,14,88.82
MAR,resilience,15,88.82
MAR,resilience,16,88.82
MAR,resilience,17,88.82
MAR,resilience,18,88.82
MAR,resilience,19,88.82
MAR,resilience,20,88.82
MAR,resilience,21,88.82
MAR,resilience,22,88.82
MAR,resilience,23,88.82
MAR,resilience,24,88.82
MAR,resilience,25,88.82
MAR,resilience,26,88.82
MAR,resilience,27,88.82
MAR,resilience,28,88.82
MAR,resilience,29,88.82
MAR,resilience,30,88.82
MAR,resilience,31,88.82
MAR,resilience,32,88.82
MAR,resilience,33,88.82
MAR,resilience,34,88.82
MAR,resilience,35,88.82
MAR,resilience,36,88.82
MAR,resilience,37,88.82
MAR,resilience,38,88.82
MAR,resilience,39,88.82
MAR,resilience,40,88.82
MAR,resilience,41,88.82
MAR,resilience,42,88.82
MAR,score,0,98.06
MAR,score,1,98.06
MAR,score,2,98.06
MAR,score,3,98.06
MAR,score,4,98.06
MAR,score,5,98.06
MAR,score,6,98.06
MAR,score,7,98.06
MAR,score,8,98.06
MAR,score,9,98.06
MAR,score,10,98.06
MAR,score,11,98.06
MAR,score,12,98.06
MAR,score,13,98.06
MAR,score,14,98.06
MAR,score,15,98.06
MAR,score,16,98.06
MAR,score,17,98.06
MAR,score,18,98.06
MAR,score,19,98.06
MAR,score,20,98.06
MAR,score,21,98.06
MAR,score,22,98.06
MAR,score,23,98.06
MAR,score,24,98.06
MAR,score,25,98.06
MAR,score,26,98.06
MAR,score,27,98.06
MAR,score,28,98.06
MAR,score,29,98.06
MAR,score,30,98.06
MAR,score,31,98.06
MAR,score,32,98.06
MAR,score,33,98.06
MAR,score,34,98.06
MAR,score,35,98.06
MAR,score,36,98.06
MAR,score,37,98.06
MAR,score,38,98.06
MAR,score,39,98.06
MAR,score,40,98.06
MAR,score,41,98.06
MAR,score,42,98.06
MAR,status,0,96.13
MAR,status,1,96.13
MAR,status,2,96.13
MAR,status,3,96.13
MAR,status,4,96.13
MAR,status,5,96.13
MAR,status,6,96.13
MAR,status,7,96.13
MAR,status,8,96.13
MAR,status,9,96.13
MAR,status,10,96.13
MAR,status,11,96.13
MAR,status,12,96.13
MAR,status,13,96.13
MAR,status,14,96.13
MAR,status,15,96.13
MAR,status,16,96.13
MAR,status,17,96.13
MAR,status,18,96.13
MAR,status,19,96.13
MAR,status,20,96.13
MAR,status,21,96.13
MAR,status,22,96.13
MAR,status,23,96.13
MAR,status,24,96.13
MAR,status,25,96.13
MAR,status,26,96.13
MAR,status,27,96.13
MAR,status,28,96.13
MAR,status,29,96.13
MAR,status,30,96.13
MAR,status,31,96.13
MAR,status,32,96.13
MAR,status,33,96.13
MAR,status,34,96.13
MAR,status,35,96.13
MAR,status,36,96.13
MAR,status,37,96.13
MAR,status,38,96.13
MAR,status,39,96.13
MAR,status,40,96.13
MAR,status,41,96.13
MAR,status,42,96.13
MAR,trend,1,-0.04
MAR,trend,2,-0.04
MAR,trend,3,-0.04
MAR,trend,4,-0.04
MAR,trend,5,-0.04
MAR,trend,6,-0.04
MAR,trend,7,-0.04
MAR,trend,8,-0.04
MAR,trend,9,-0.04
MAR,trend,10,-0.04
MAR,trend,11,-0.04
MAR,trend,12,-0.04
MAR,trend,13,-0.04
MAR,trend,14,-0.04
MAR,trend,15,-0.04
MAR,trend,16,-0.04
MAR,trend,17,-0.04
MAR,trend,18,-0.04
MAR,trend,19,-0.04
MAR,trend,20,-0.04
MAR,trend,21,-0.04
MAR,trend,22,-0.04
MAR,trend,23,-0.04
MAR,trend,24,-0.04
MAR,trend,25,-0.04
MAR,trend,26,-0.04
MAR,trend,27,-0.04
MAR,trend,28,-0.04
MAR,trend,29,-0.04
MAR,trend,30,-0.04
MAR,trend,31,-0.04
MAR,trend,32,-0.04
MAR,trend,33,-0.04
MAR,trend,34,-0.04
MAR,trend,35,-0.04
MAR,trend,36,-0.04
MAR,trend,37,-0.04
MAR,trend,38,-0.04
MAR,trend,39,-0.04
MAR,trend,40,-0.04
MAR,trend,41,-0.04
MAR,trend,42,-0.04
NP,future,0,16.12
NP,future,1,16.12
NP,future,2,16.12
NP,future,3,16.12
NP,future,4,16.12
NP,future,5,16.12
NP,future,6,16.12
NP,future,7,16.12
NP,future,8,16.12
NP,future,9,16.12
NP,future,10,16.12
NP,future,11,16.12
NP,future,12,16.12
NP,future,13,16.12
NP,future,14,16.12
NP,future,15,16.12
NP,future,16,16.12
NP,future,17,16.12
NP,future,18,16.12
NP,future,19,16.12
NP,future,20,16.12
NP,future,21,16.12
NP,future,22,16.12
NP,future,23,16.12
NP,future,24,16.12
NP,future,25,16.12
NP,future,26,16.12
NP,future,27,16.12
NP,future,28,16.12
NP,future,29,16.12
NP,future,30,16.12
NP,future,31,16.12
NP,future,32,16.12
NP,future,33,16.12
NP,future,34,16.12
NP,future,35,16.12
NP,future,36,16.12
NP,future,37,16.12
NP,future,38,16.12
NP,future,39,16.12
NP,future,40,16.12
NP,future,41,16.12
NP,future,42,16.12
NP,pressures,1,15.85
NP,pressures,2,15.85
NP,pressures,3,15.85
NP,pressures,4,15.85
NP,pressures,5,15.85
NP,pressures,6,15.85
NP,pressures,7,15.85
NP,pressures,8,15.85
NP,pressures,9,15.85
NP,pressures,10,15.85
NP,pressures,11,15.85
NP,pressures,12,15.85
NP,pressures,13,15.85
NP,pressures,14,15.85
NP,pressures,15,15.85
NP,pressures,16,15.85
NP,pressures,17,15.85
NP,pressures,18,15.85
NP,pressures,19,15.85
NP,pressures,20,15.85
NP,pressures,21,15.85
NP,pressures,22,15.85
NP,pressures,23,15.85
NP,pressures,24,15.85
NP,pressures,25,15.85
NP,pressures,26,15.85
NP,pressures,27,15.85
NP,pressures,28,15.85
NP,pressures,29,15.85
NP,pressures,30,15.85
NP,pressures,31,15.85
NP,pressures,32,15.85
NP,pressures,33,15.85
NP,pressures,34,15.85
NP,pressures,35,15.85
NP,pressures,36,15.85
NP,pressures,37,15.85
NP,pressures,38,15.85
NP,pressures,39,15.85
NP,pressures,40,15.85
NP,pressures,41,15.85
NP,pressures,42,15.85
NP,resilience,1,82.66
NP,resilience,2,82.66
NP,resilience,3,82.66
NP,resilience,4,82.66
NP,resilience,5,82.66
NP,resilience,6,82.66
NP,resilience,7,82.66
NP,resilience,8,82.66
NP,resilience,9,82.66
NP,resilience,10,82.66
NP,resilience,11,82.66
NP,resilience,12,82.66
NP,resilience,13,82.66
NP,resilience,14,82.66
NP,resilience,15,82.66
NP,resilience,16,82.66
NP,resilience,17,82.66
NP,resilience,18,82.66
NP,resilience,19,82.66
NP,resilience,20,82.66
NP,resilience,21,82.66
NP,resilience,22,82.66
NP,resilience,23,82.66
NP,resilience,24,82.66
NP,resilience,25,82.66
NP,resilience,26,82.66
NP,resilience,27,82.66
NP,resilience,28,82.66
NP,resilience,29,82.66
NP,resilience,30,82.66
NP,resilience,31,82.66
NP,resilience,32,82.66
NP,resilience,33,82.66
NP,resilience,34,82.66
NP,resilience,35,82.66
NP,resilience,36,82.66
NP,resilience,37,82.66
NP,resilience,38,82.66
NP,resilience,39,82.66
NP,resilience,40,82.66
NP,resilience,41,82.66
NP,resilience,42,82.66
NP,score,0,16.89
NP,score,1,16.89
NP,score,2,16.89
NP,score,3,16.89
NP,score,4,16.89
NP,score,5,16.89
NP,score,6,16.89
NP,score,7,16.89
NP,score,8,16.89
NP,score,9,16.89
NP,score,10,16.89
NP,score,11,16.89
NP,score,12,16.89
NP,score,13,16.89
NP,score,14,16.89
NP,score,15,16.89
NP,score,16,16.89
NP,score,17,16.89
NP,score,18,16.89
NP,score,19,16.89
NP,score,20,16.89
NP,score,21,16.89
NP,score,22,16.89
NP,score,23,16.89
NP,score,24,16.89
NP,score,25,16.89
NP,score,26,16.89
NP,score,27,16.89
NP,score,28,16.89
NP,score,29,16.89
NP,score,30,16.89
NP,score,31,16.89
NP,score,32,16.89
NP,score,33,16.89
NP,score,34,16.89
NP,score,35,16.89
NP,score,36,16.89
NP,score,37,16.89
NP,score,38,16.89
NP,score,39,16.89
NP,score,40,16.89
NP,score,41,16.89
NP,score,42,16.89
NP,status,0,17.66
NP,status,1,17.66
NP,status,2,17.66
NP,status,3,17.66
NP,status,4,17.66
NP,status,5,17.66
NP,status,6,17.66
NP,status,7,17.66
NP,status,8,17.66
NP,status,9,17.66
NP,status,10,17.66
NP,status,11,17.66
NP,status,12,17.66
NP,status,13,17.66
NP,status,14,17.66
NP,status,15,17.66
NP,status,16,17.66
NP,status,17,17.66
NP,status,18,17.66
NP,status,19,17.66
NP,status,20,17.66
NP,status,21,17.66
NP,status,22,17.66
NP,status,23,17.66
NP,status,24,17.66
NP,status,25,17.66
NP,status,26,17.66
NP,status,27,17.66
NP,status,28,17.66
NP,status,29,17.66
NP,status,30,17.66
NP,status,31,17.66
NP,status,32,17.66
NP,status,33,17.66
NP,status,34,17.66
NP,status,35,17.66
NP,status,36,17.66
NP,status,37,17.66
NP,status,38,17.66
NP,status,39,17.66
NP,status,40,17.66
NP,status,41,17.66
NP,status,42,17.66
NP,trend,1,-0.46
NP,trend,2,-0.46
NP,trend,3,-0.46
NP,trend,4,-0.46
NP,trend,5,-0.46
NP,trend,6,-0.46
NP,trend,7,-0.46
NP,trend,8,-0.46
NP,trend,9,-0.46
NP,trend,10,-0.46
NP,trend,11,-0.46
NP,trend,12,-0.46
NP,trend,13,-0.46
NP,trend,14,-0.46
NP,trend,15,-0.46
NP,trend,16,-0.46
NP,trend,17,-0.46
NP,trend,18,-0.46
NP,trend,19,-0.46
NP,trend,20,-0.46
NP,trend,21,-0.46
NP,trend,22,-0.46
NP,trend,23,-0.46
NP,trend,24,-0.46
NP,trend,25,-0.46
NP,trend,26,-0.46
NP,trend,27,-0.46
NP,trend,28,-0.46
NP,trend,29,-0.46
NP,trend,30,-0.46
NP,trend,31,-0.46
NP,trend,32,-0.46
NP,trend,33,-0.46
NP,trend,34,-0.46
NP,trend,35,-0.46
NP,trend,36,-0.46
NP,trend,37,-0.46
NP,trend,38,-0.46
NP,trend,39,-0.46
NP,trend,40,-0.46
NP,trend,41,-0.46
NP,trend,42,-0.46
SP,future,0,93.79
SP,future,1,93.79
SP,future,2,93.79
SP,future,3,93.79
SP,future,4,93.79
SP,future,5,93.79
SP,future,6,93.79
SP,future,7,93.79
SP,future,8,93.79
SP,future,9,93.79
SP,future,10,93.79
SP,future,11,93.79
SP,future,12,93.79
SP,future,13,93.79
SP,future,14,93.79
SP,future,15,93.79
SP,future,16,93.79
SP,future,17,93.79
SP,future,18,93.79
SP,future,19,93.79
SP,future,20,93.79
SP,future,21,93.79
SP,future,22,93.79
SP,future,23,93.79
SP,future,24,93.79
SP,future,25,93.79
SP,future,26,93.79
SP,future,27,93.79
SP,future,28,93.79
SP,future,29,93.79
SP,future,30,93.79
SP,future,31,93.79
SP,future,32,93.79
SP,future,33,93.79
SP,future,34,93.79
SP,future,35,93.79
SP,future,36,93.79
SP,future,37,93.79
SP,future,38,93.79
SP,future,39,93.79
SP,future,40,93.79
SP,future,41,93.79
SP,future,42,93.79
SP,pressures,1,
SP,pressures,2,
SP,pressures,3,
SP,pressures,4,
SP,pressures,5,
SP,pressures,6,
SP,pressures,7,
SP,pressures,8,
SP,pressures,9,
SP,pressures,10,
SP,pressures,11,
SP,pressures,12,
SP,pressures,13,
SP,pressures,14,
SP,pressures,15,
SP,pressures,16,
SP,pressures,17,
SP,pressures,18,
SP,pressures,19,
SP,pressures,20,
SP,pressures,21,
SP,pressures,22,
SP,pressures,23,
SP,pressures,24,
SP,pressures,25,
SP,pressures,26,
SP,pressures,27,
SP,pressures,28,
SP,pressures,29,
SP,pressures,30,
SP,pressures,31,
SP,pressures,32,
SP,pressures,33,
SP,pressures,34,
SP,pressures,35,
SP,pressures,36,
SP,pressures,37,
SP,pressures,38,
SP,pressures,39,
SP,pressures,40,
SP,pressures,41,
SP,pressures,42,
SP,resilience,1,
SP,resilience,2,
SP,resilience,3,
SP,resilience,4,
SP,resilience,5,
SP,resilience,6,
SP,resilience,7,
SP,resilience,8,
SP,resilience,9,
SP,resilience,10,
SP,resilience,11,
SP,resilience,12,
SP,resilience,13,
SP,resilience,14,
SP,resilience,15,
SP,resilience,16,
SP,resilience,17,
SP,resilience,18,
SP,resilience,19,
SP,resilience,20,
SP,resilience,21,
SP,resilience,22,
SP,resilience,23,
SP,resilience,24,
SP,resilience,25,
SP,resilience,26,
SP,resilience,27,
SP,resilience,28,
SP,resilience,29,
SP,resilience,30,
SP,resilience,31,
SP,resilience,32,
SP,resilience,33,
SP,resilience,34,
SP,resilience,35,
SP,resilience,36,
SP,resilience,37,
SP,resilience,38,
SP,resilience,39,
SP,resilience,40,
SP,resilience,41,
SP,resilience,42,
SP,score,0,86.14
SP,score,1,86.14
SP,score,2,86.14
SP,score,3,86.14
SP,score,4,86.14
SP,score,5,86.14
SP,score,6,86.14
SP,score,7,86.14
SP,score,8,86.14
SP,score,9,86.14
SP,score,10,86.14
SP,score,11,86.14
SP,score,12,86.14
SP,score,13,86.14
SP,score,14,86.14
SP,score,15,86.14
SP,score,16,86.14
SP,score,17,86.14
SP,score,18,86.14
SP,score,19,86.14
SP,score,20,86.14
SP,score,21,86.14
SP,score,22,86.14
SP,score,23,86.14
SP,score,24,86.14
SP,score,25,86.14
SP,score,26,86.14
SP,score,27,86.14
SP,score,28,86.14
SP,score,29,86.14
SP,score,30,86.14
SP,score,31,86.14
SP,score,32,86.14
SP,score,33,86.14
SP,score,34,86.14
SP,score,35,86.14
SP,score,36,86.14
SP,score,37,86.14
SP,score,38,86.14
SP,score,39,86.14
SP,score,40,86.14
SP,score,41,86.14
SP,score,42,86.14
SP,status,0,78.5
SP,status,1,78.5
SP,status,2,78.5
SP,status,3,78.5
SP,status,4,78.5
SP,status,5,78.5
SP,status,6,78.5
SP,status,7,78.5
SP,status,8,78.5
SP,status,9,78.5
SP,status,10,78.5
SP,status,11,78.5
SP,status,12,78.5
SP,status,13,78.5
SP,status,14,78.5
SP,status,15,78.5
SP,status,16,78.5
SP,status,17,78.5
SP,status,18,78.5
SP,status,19,78.5
SP,status,20,78.5
SP,status,21,78.5
SP,status,22,78.5
SP,status,23,78.5
SP,status,24,78.5
SP,status,25,78.5
SP,status,26,78.5
SP,status,27,78.5
SP,status,28,78.5
SP,status,29,78.5
SP,status,30,78.5
SP,status,31,78.5
SP,status,32,78.5
SP,status,33,78.5
SP,status,34,78.5
SP,status,35,78.5
SP,status,36,78.5
SP,status,37,78.5
SP,status,38,78.5
SP,status,39,78.5
SP,status,40,78.5
SP,status,41,78.5
SP,status,42,78.5
SP,trend,1,0.02
SP,trend,2,0.02
SP,trend,3,0.02
SP,trend,4,0.02
SP,trend,5,0.02
SP,trend,6,0.02
SP,trend,7,0.02
SP,trend,8,0.02
SP,trend,9,0.02
SP,trend,10,0.02
SP,trend,11,0.02
SP,trend,12,0.02
SP,trend,13,0.02
SP,trend,14,0.02
SP,trend,15,0.02
SP,trend,16,0.02
SP,trend,17,0.02
SP,trend,18,0.02
SP,trend,19,0.02
SP,trend,20,0.02
SP,trend,21,0.02
SP,trend,22,0.02
SP,trend,23,0.02
SP,trend,24,0.02
SP,trend,25,0.02
SP,trend,26,0.02
SP,trend,27,0.02
SP,trend,28,0.02
SP,trend,29,0.02
SP,trend,30,0.02
SP,trend,31,0.02
SP,trend,32,0.02
SP,trend,33,0.02
SP,trend,34,0.02
SP,trend,35,0.02
SP,trend,36,0.02
SP,trend,37,0.02
SP,trend,38,0.02
SP,trend,39,0.02
SP,trend,40,0.02
SP,trend,41,0.02
SP,trend,42,0.02
SPP,future,0,89.32
SPP,future,1,89.32
SPP,future,2,89.32
SPP,future,3,89.32
SPP,future,4,89.32
SPP,future,5,89.32
SPP,future,6,89.32
SPP,future,7,89.32
SPP,future,8,89.32
SPP,future,9,89.32
SPP,future,10,89.32
SPP,future,11,89.32
SPP,future,12,89.32
SPP,future,13,89.32
SPP,future,14,89.32
SPP,future,15,89.32
SPP,future,16,89.32
SPP,future,17,89.32
SPP,future,18,89.32
SPP,future,19,89.32
SPP,future,20,89.32
SPP,future,21,89.32
SPP,future,22,89.32
SPP,future,23,89.32
SPP,future,24,89.32
SPP,future,25,89.32
SPP,future,26,89.32
SPP,future,27,89.32
SPP,future,28,89.32
SPP,future,29,89.32
SPP,future,30,89.32
SPP,future,31,89.32
SPP,future,32,89.32
SPP,future,33,89.32
SPP,future,34,89.32
SPP,future,35,89.32
SPP,future,36,89.32
SPP,future,37,89.32
SPP,future,38,89.32
SPP,future,39,89.32
SPP,future,40,89.32
SPP,future,41,89.32
SPP,future,42,89.32
SPP,pressures,1,26.92
SPP,pressures,2,26.92
SPP,pressures,3,26.92
SPP,pressures,4,26.92
SPP,pressures,5,26.92
SPP,pressures,6,26.92
SPP,pressures,7,26.92
SPP,pressures,8,26.92
SPP,pressures,9,26.92
SPP,pressures,10,26.92
SPP,pressures,11,26.92
SPP,pressures,12,26.92
SPP,pressures,13,26.92
SPP,pressures,14,26.92
SPP,pressures,15,26.92
SPP,pressures,16,26.92
SPP,pressures,17,26.92
SPP,pressures,18,26.92
SPP,pressures,19,26.92
SPP,pressures,20,26.92
SPP,pressures,21,26.92
SPP,pressures,22,26.92
SPP,pressures,23,26.92
SPP,pressures,24,26.92
SPP,pressures,25,26.92
SPP,pressures,26,26.92
SPP,pressures,27,26.92
SPP,pressures,28,26.92
SPP,pressures,29,26.92
SPP,pressures,30,26.92
SPP,pressures,31,26.92
SPP,pressures,32,26.92
SPP,pressures,33,26.92
SPP,pressures,34,26.92
SPP,pressures,35,26.92
SPP,pressures,36,26.92
SPP,pressures,37,26.92
SPP,pressures,38,26.92
SPP,pressures,39,26.92
SPP,pressures,40,26.92
SPP,pressures,41,26.92
SPP,pressures,42,26.92
SPP,resilience,1,82.97
SPP,resilience,2,82.97
SPP,resilience,3,82.97
SPP,resilience,4,82.97
SPP,resilience,5,82.97
SPP,resilience,6,82.97
SPP,resilience,7,82.97
SPP,resilience,8,82.97
SPP,resilience,9,82.97
SPP,resilience,10,82.97
SPP,resilience,11,82.97
SPP,resilience,12,82.97
SPP,resilience,13,82.97
SPP,resilience,14,82.97
SPP,resilience,15,82.97
SPP,resilience,16,82.97
SPP,resilience,17,82.97
SPP,resilience,18,82.97
SPP,resilience,19,82.97
SPP,resilience,20,82.97
SPP,resilience,21,82.97
SPP,resilience,22,82.97
SPP,resilience,23,82.97
SPP,resilience,24,82.97
SPP,resilience,25,82.97
SPP,resilience,26,82.97
SPP,resilience,27,82.97
SPP,resilience,28,82.97
SPP,resilience,29,82.97
SPP,resilience,30,82.97
SPP,resilience,31,82.97
SPP,resilience,32,82.97
SPP,resilience,33,82.97
SPP,resilience,34,82.97
SPP,resilience,35,82.97
SPP,resilience,36,82.97
SPP,resilience,37,82.97
SPP,resilience,38,82.97
SPP,resilience,39,82.97
SPP,resilience,40,82.97
SPP,resilience,41,82.97
SPP,resilience,42,82.97
SPP,score,0,82.85
SPP,score,1,82.85
SPP,score,2,82.85
SPP,score,3,82.85
SPP,score,4,82.85
SPP,score,5,82.85
SPP,score,6,82.85
SPP,score,7,82.85
SPP,score,8,82.85
SPP,score,9,82.85
SPP,score,10,82.85
SPP,score,11,82.85
SPP,score,12,82.85
SPP,score,13,82.85
SPP,score,14,82.85
SPP,score,15,82.85
SPP,score,16,82.85
SPP,score,17,82.85
SPP,score,18,82.85
SPP,score,19,82.85
SPP,score,20,82.85
SPP,score,21,82.85
SPP,score,22,82.85
SPP,score,23,82.85
SPP,score,24,82.85
SPP,score,25,82.85
SPP,score,26,82.85
SPP,score,27,82.85
SPP,score,28,82.85
SPP,score,29,82.85
SPP,score,30,82.85
SPP,score,31,82.85
SPP,score,32,82.85
SPP,score,33,82.85
SPP,score,34,82.85
SPP,score,35,82.85
SPP,score,36,82.85
SPP,score,37,82.85
SPP,score,38,82.85
SPP,score,39,82.85
SPP,score,40,82.85
SPP,score,41,82.85
SPP,score,42,82.85
SPP,status,0,76.38
SPP,status,1,76.38
SPP,status,2,76.38
SPP,status,3,76.38
SPP,status,4,76.38
SPP,status,5,76.38
SPP,status,6,76.38
SPP,status,7,76.38
SPP,status,8,76.38
SPP,status,9,76.38
SPP,status,10,76.38
SPP,status,11,76.38
SPP,status,12,76.38
SPP,status,13,76.38
SPP,status,14,76.38
SPP,status,15,76.38
SPP,status,16,76.38
SPP,status,17,76.38
SPP,status,18,76.38
SPP,status,19,76.38
SPP,status,20,76.38
SPP,status,21,76.38
SPP,status,22,76.38
SPP,status,23,76.38
SPP,status,24,76.38
SPP,status,25,76.38
SPP,status,26,76.38
SPP,status,27,76.38
SPP,status,28,76.38
SPP,status,29,76.38
SPP,status,30,76.38
SPP,status,31,76.38
SPP,status,32,76.38
SPP,status,33,76.38
SPP,status,34,76.38
SPP,status,35,76.38
SPP,status,36,76.38
SPP,status,37,76.38
SPP,status,38,76.38
SPP,status,39,76.38
SPP,status,40,76.38
SPP,status,41,76.38
SPP,status,42,76.38
SPP,trend,1,-0.02
SPP,trend,2,-0.02
SPP,trend,3,-0.02
SPP,trend,4,-0.02
SPP,trend,5,-0.02
SPP,trend,6,-0.02
SPP,trend,7,-0.02
SPP,trend,8,-0.02
SPP,trend,9,-0.02
SPP,trend,10,-0.02
SPP,trend,11,-0.02
SPP,trend,12,-0.02
SPP,trend,13,-0.02
SPP,trend,14,-0.02
SPP,trend,15,-0.02
SPP,trend,16,-0.02
SPP,trend,17,-0.02
SPP,trend,18,-0.02
SPP,trend,19,-0.02
SPP,trend,20,-0.02
SPP,trend,21,-0.02
SPP,trend,22,-0.02
SPP,trend,23,-0.02
SPP,trend,24,-0.02
SPP,trend,25,-0.02
SPP,trend,26,-0.02
SPP,trend,27,-0.02
SPP,trend,28,-0.02
SPP,trend,29,-0.02
SPP,trend,30,-0.02
SPP,trend,31,-0.02
SPP,trend,32,-0.02
SPP,trend,33,-0.02
SPP,trend,34,-0.02
SPP,trend,35,-0.02
SPP,trend,36,-0.02
SPP,trend,37,-0.02
SPP,trend,38,-0.02
SPP,trend,39,-0.02
SPP,trend,40,-0.02
SPP,trend,41,-0.02
SPP,trend,42,-0.02
TR,future,0,100
TR,future,1,100
TR,future,2,100
TR,future,3,100
TR,future,4,100
TR,future,5,100
TR,future,6,100
TR,future,7,100
TR,future,8,100
TR,future,9,100
TR,future,10,100
TR,future,11,100
TR,future,12,100
TR,future,13,100
TR,future,14,100
TR,future,15,100
TR,future,16,100
TR,future,17,100
TR,future,18,100
TR,future,19,100
TR,future,20,100
TR,future,21,100
TR,future,22,100
TR,future,23,100
TR,future,24,100
TR,future,25,100
TR,future,26,100
TR,future,27,100
TR,future,28,100
TR,future,29,100
TR,future,30,100
TR,future,31,100
TR,future,32,100
TR,future,33,100
TR,future,34,100
TR,future,35,100
TR,future,36,100
TR,future,37,100
TR,future,38,100
TR,future,39,100
TR,future,40,100
TR,future,41,100
TR,future,42,100
TR,pressures,1,42.43
TR,pressures,2,42.43
TR,pressures,3,42.43
TR,pressures,4,42.43
TR,pressures,5,42.43
TR,pressures,6,42.43
TR,pressures,7,42.43
TR,pressures,8,42.43
TR,pressures,9,42.43
TR,pressures,10,42.43
TR,pressures,11,42.43
TR,pressures,12,42.43
TR,pressures,13,42.43
TR,pressures,14,42.43
TR,pressures,15,42.43
TR,pressures,16,42.43
TR,pressures,17,42.43
TR,pressures,18,42.43
TR,pressures,19,42.43
TR,pressures,20,42.43
TR,pressures,21,42.43
TR,pressures,22,42.43
TR,pressures,23,42.43
TR,pressures,24,42.43
TR,pressures,25,42.43
TR,pressures,26,42.43
TR,pressures,27,42.43
TR,pressures,28,42.43
TR,pressures,29,42.43
TR,pressures,30,42.43
TR,pressures,31,42.43
TR,pressures,32,42.43
TR,pressures,33,42.43
TR,pressures,34,42.43
TR,pressures,35,42.43
TR,pressures,36,42.43
TR,pressures,37,42.43
TR,pressures,38,42.43
TR,pressures,39,42.43
TR,pressures,40,42.43
TR,pressures,41,42.43
TR,pressures,42,42.43
TR,resilience,1,93.4
TR,resilience,2,93.4
TR,resilience,3,93.4
TR,resilience,4,93.4
TR,resilience,5,93.4
TR,resilience,6,93.4
TR,resilience,7,93.4
TR,resilience,8,93.4
TR,resilience,9,93.4
TR,resilience,10,93.4
TR,resilience,11,93.4
TR,resilience,12,93.4
TR,resilience,13,93.4
TR,resilience,14,93.4
TR,resilience,15,93.4
TR,resilience,16,93.4
TR,resilience,17,93.4
TR,resilience,18,93.4
TR,resilience,19,93.4
TR,resilience,20,93.4
TR,resilience,21,93.4
TR,resilience,22,93.4
TR,resilience,23,93.4
TR,resilience,24,93.4
TR,resilience,25,93.4
TR,resilience,26,93.4
TR,resilience,27,93.4
TR,resilience,28,93.4
TR,resilience,29,93.4
TR,resilience,30,93.4
TR,resilience,31,93.4
TR,resilience,32,93.4
TR,resilience,33,93.4
TR,resilience,34,93.4
TR,resilience,35,93.4
TR,resilience,36,93.4
TR,resilience,37,93.4
TR,resilience,38,93.4
TR,resilience,39,93.4
TR,resilience,40,93.4
TR,resilience,41,93.4
TR,resilience,42,93.4
TR,score,0,100
TR,score,1,100
TR,score,2,100
TR,score,3,100
TR,score,4,100
TR,score,5,100
TR,score,6,100
TR,score,7,100
TR,score,8,100
TR,score,9,100
TR,score,10,100
TR,score,11,100
TR,score,12,100
TR,score,13,100
TR,score,14,100
TR,score,15,100
TR,score,16,100
TR,score,17,100
TR,score,18,100
TR,score,19,100
TR,score,20,100
TR,score,21,100
TR,score,22,100
TR,score,23,100
TR,score,24,100
TR,score,25,100
TR,score,26,100
TR,score,27,100
TR,score,28,100
TR,score,29,100
TR,score,30,100
TR,score,31,100
TR,score,32,100
TR,score,33,100
TR,score,34,100
TR,score,35,100
TR,score,36,100
TR,score,37,100
TR,score,38,100
TR,score,39,100
TR,score,40,100
TR,score,41,100
TR,score,42,100
TR,status,0,100
TR,status,1,100
TR,status,2,100
TR,status,3,100
TR,status,4,100
TR,status,5,100
TR,status,6,100
TR,status,7,100
TR,status,8,100
TR,status,9,100
TR,status,10,100
TR,status,11,100
TR,status,12,100
TR,status,13,100
TR,status,14,100
TR,status,15,100
TR,status,16,100
TR,status,17,100
TR,status,18,100
TR,status,19,100
TR,status,20,100
TR,status,21,100
TR,status,22,100
TR,status,23,100
TR,status,24,100
TR,status,25,100
TR,status,26,100
TR,status,27,100
TR,status,28,100
TR,status,29,100
TR,status,30,100
TR,status,31,100
TR,status,32,100
TR,status,33,100
TR,status,34,100
TR,status,35,100
TR,status,36,100
TR,status,37,100
TR,status,38,100
TR,status,39,100
TR,status,40,100
TR,status,41,100
TR,status,42,100
TR,trend,1,0.14
TR,trend,2,0.14
TR,trend,3,0.14
TR,trend,4,0.14
TR,trend,5,0.14
TR,trend,6,0.14
TR,trend,7,0.14
TR,trend,8,0.14
TR,trend,9,0.14
TR,trend,10,0.14
TR,trend,11,0.14
TR,trend,12,0.14
TR,trend,13,0.14
TR,trend,14,0.14
TR,trend,15,0.14
TR,trend,16,0.14
TR,trend,17,0.14
TR,trend,18,0.14
TR,trend,19,0.14
TR,trend,20,0.14
TR,trend,21,0.14
TR,trend,22,0.14
TR,trend,23,0.14
TR,trend,24,0.14
TR,trend,25,0.14
TR,trend,26,0.14
TR,trend,27,0.14
TR,trend,28,0.14
TR,trend,29,0.14
TR,trend,30,0.14
TR,trend,31,0.14
TR,trend,32,0.14
TR,trend,33,0.14
TR,trend,34,0.14
TR,trend,35,0.14
TR,trend,36,0.14
TR,trend,37,0.14
TR,trend,38,0.14
TR,trend,39,0.14
TR,trend,40,0.14
TR,trend,41,0.14
TR,trend,42,0.14
